-- Script de Poblado para Base de Datos de Club de Estudiantes (Oracle)

-- Limpieza de datos existentes (en orden inverso de dependencia)
TRUNCATE TABLE ESTUDIANTE_PROYECTO;
TRUNCATE TABLE ESTUDIANTE_CLUB;
TRUNCATE TABLE ESTUDIANTE;
TRUNCATE TABLE PROYECTO;
TRUNCATE TABLE CLUB;

-- 1. Poblado de la tabla CLUB
INSERT INTO CLUB (ID_CLUB, NOMBRE) VALUES (1, 'Club de Robótica');
INSERT INTO CLUB (ID_CLUB, NOMBRE) VALUES (2, 'Club de Debate');
INSERT INTO CLUB (ID_CLUB, NOMBRE) VALUES (3, 'Club de Programación Competitiva');
INSERT INTO CLUB (ID_CLUB, NOMBRE) VALUES (4, 'Club de Inteligencia Artificial');
INSERT INTO CLUB (ID_CLUB, NOMBRE) VALUES (5, 'Semillero de Ciberseguridad');
INSERT INTO CLUB (ID_CLUB, NOMBRE) VALUES (6, 'Taller de Desarrollo de Videojuegos');

-- 2. Poblado de la tabla PROYECTO
INSERT INTO PROYECTO (ID_PROYECTO, NOMBRE) VALUES (1, 'App de Realidad Virtual para Educación');
INSERT INTO PROYECTO (ID_PROYECTO, NOMBRE) VALUES (2, 'Sistema de Gestión de Biblioteca');
INSERT INTO PROYECTO (ID_PROYECTO, NOMBRE) VALUES (3, 'Robot Seguidor de Línea Avanzado');
INSERT INTO PROYECTO (ID_PROYECTO, NOMBRE) VALUES (4, 'Modelo de Machine Learning para Detección de Fake News');
INSERT INTO PROYECTO (ID_PROYECTO, NOMBRE) VALUES (5, 'Plataforma Web para Voluntariado');
INSERT INTO PROYECTO (ID_PROYECTO, NOMBRE) VALUES (6, 'Videojuego Educativo de Historia');
INSERT INTO PROYECTO (ID_PROYECTO, NOMBRE) VALUES (7, 'Red Neuronal para Composición Musical');

-- 3. Poblado de la tabla ESTUDIANTE (45 registros)
INSERT INTO ESTUDIANTE (NUMRUN, DV_RUN, PNOMBRE, SNOMBRE, PAPELLIDO, MAPELLIDO, FEC_NAC) VALUES (16664050, '4', 'Antonella', 'Florencia', 'Flores', 'Flores', TO_DATE('2003-12-29', 'YYYY-MM-DD'));
INSERT INTO ESTUDIANTE (NUMRUN, DV_RUN, PNOMBRE, SNOMBRE, PAPELLIDO, MAPELLIDO, FEC_NAC) VALUES (18042791, '0', 'Isabella', 'Julieta', 'Valenzuela', 'Rodríguez', TO_DATE('1998-11-07', 'YYYY-MM-DD'));
INSERT INTO ESTUDIANTE (NUMRUN, DV_RUN, PNOMBRE, SNOMBRE, PAPELLIDO, MAPELLIDO, FEC_NAC) VALUES (18548347, '9', 'Florencia', 'Trinidad', 'Castillo', 'Valenzuela', TO_DATE('2004-06-04', 'YYYY-MM-DD'));
INSERT INTO ESTUDIANTE (NUMRUN, DV_RUN, PNOMBRE, SNOMBRE, PAPELLIDO, MAPELLIDO, FEC_NAC) VALUES (16179956, '4', 'Emiliano', 'Santiago', 'Muñoz', 'Flores', TO_DATE('2006-03-06', 'YYYY-MM-DD'));
INSERT INTO ESTUDIANTE (NUMRUN, DV_RUN, PNOMBRE, SNOMBRE, PAPELLIDO, MAPELLIDO, FEC_NAC) VALUES (18705292, '0', 'Benjamín', 'Alonso', 'Castillo', 'Díaz', TO_DATE('2005-12-31', 'YYYY-MM-DD'));
INSERT INTO ESTUDIANTE (NUMRUN, DV_RUN, PNOMBRE, SNOMBRE, PAPELLIDO, MAPELLIDO, FEC_NAC) VALUES (18290775, '8', 'Isidora', 'Isidora', 'Pérez', 'Flores', TO_DATE('1999-06-30', 'YYYY-MM-DD'));
INSERT INTO ESTUDIANTE (NUMRUN, DV_RUN, PNOMBRE, SNOMBRE, PAPELLIDO, MAPELLIDO, FEC_NAC) VALUES (16839225, '7', 'Gabriel', 'Alonso', 'Contreras', 'Flores', TO_DATE('1999-02-21', 'YYYY-MM-DD'));
INSERT INTO ESTUDIANTE (NUMRUN, DV_RUN, PNOMBRE, SNOMBRE, PAPELLIDO, MAPELLIDO, FEC_NAC) VALUES (20882177, '6', 'Julieta', 'Sofía', 'Rodríguez', 'Pérez', TO_DATE('2007-05-02', 'YYYY-MM-DD'));
INSERT INTO ESTUDIANTE (NUMRUN, DV_RUN, PNOMBRE, SNOMBRE, PAPELLIDO, MAPELLIDO, FEC_NAC) VALUES (16426256, '1', 'Benjamín', 'Benjamín', 'Silva', 'Fuentes', TO_DATE('2001-02-24', 'YYYY-MM-DD'));
INSERT INTO ESTUDIANTE (NUMRUN, DV_RUN, PNOMBRE, SNOMBRE, PAPELLIDO, MAPELLIDO, FEC_NAC) VALUES (20033897, '9', 'Julieta', 'Antonella', 'Rojas', 'Contreras', TO_DATE('2004-12-30', 'YYYY-MM-DD'));
INSERT INTO ESTUDIANTE (NUMRUN, DV_RUN, PNOMBRE, SNOMBRE, PAPELLIDO, MAPELLIDO, FEC_NAC) VALUES (19365473, '8', 'Mía', 'Antonella', 'Díaz', 'Castillo', TO_DATE('2004-05-11', 'YYYY-MM-DD'));
INSERT INTO ESTUDIANTE (NUMRUN, DV_RUN, PNOMBRE, SNOMBRE, PAPELLIDO, MAPELLIDO, FEC_NAC) VALUES (21451553, '9', 'Antonella', 'Trinidad', 'Muñoz', 'Soto', TO_DATE('2006-02-18', 'YYYY-MM-DD'));
INSERT INTO ESTUDIANTE (NUMRUN, DV_RUN, PNOMBRE, SNOMBRE, PAPELLIDO, MAPELLIDO, FEC_NAC) VALUES (20167689, '4', 'Matías', 'Tomás', 'Rojas', 'Fuentes', TO_DATE('2006-10-09', 'YYYY-MM-DD'));
INSERT INTO ESTUDIANTE (NUMRUN, DV_RUN, PNOMBRE, SNOMBRE, PAPELLIDO, MAPELLIDO, FEC_NAC) VALUES (16823764, '2', 'Julieta', 'Sofía', 'Contreras', 'Rodríguez', TO_DATE('2002-09-05', 'YYYY-MM-DD'));
INSERT INTO ESTUDIANTE (NUMRUN, DV_RUN, PNOMBRE, SNOMBRE, PAPELLIDO, MAPELLIDO, FEC_NAC) VALUES (18445392, '4', 'Florencia', 'Amanda', 'Díaz', 'Castillo', TO_DATE('2003-10-13', 'YYYY-MM-DD'));
INSERT INTO ESTUDIANTE (NUMRUN, DV_RUN, PNOMBRE, SNOMBRE, PAPELLIDO, MAPELLIDO, FEC_NAC) VALUES (19914760, '9', 'Amanda', 'Mía', 'Muñoz', 'Rojas', TO_DATE('2004-08-30', 'YYYY-MM-DD'));
INSERT INTO ESTUDIANTE (NUMRUN, DV_RUN, PNOMBRE, SNOMBRE, PAPELLIDO, MAPELLIDO, FEC_NAC) VALUES (17113072, '7', 'Emma', 'Antonella', 'Torres', 'Morales', TO_DATE('2006-08-23', 'YYYY-MM-DD'));
INSERT INTO ESTUDIANTE (NUMRUN, DV_RUN, PNOMBRE, SNOMBRE, PAPELLIDO, MAPELLIDO, FEC_NAC) VALUES (19009169, '4', 'Alonso', 'Emiliano', 'Silva', 'Flores', TO_DATE('2004-10-28', 'YYYY-MM-DD'));
INSERT INTO ESTUDIANTE (NUMRUN, DV_RUN, PNOMBRE, SNOMBRE, PAPELLIDO, MAPELLIDO, FEC_NAC) VALUES (17611978, '0', 'Emma', 'Agustina', 'Contreras', 'Rojas', TO_DATE('1999-04-28', 'YYYY-MM-DD'));
INSERT INTO ESTUDIANTE (NUMRUN, DV_RUN, PNOMBRE, SNOMBRE, PAPELLIDO, MAPELLIDO, FEC_NAC) VALUES (18576599, '7', 'Gaspar', 'Lucas', 'Fuentes', 'Morales', TO_DATE('2001-12-09', 'YYYY-MM-DD'));
INSERT INTO ESTUDIANTE (NUMRUN, DV_RUN, PNOMBRE, SNOMBRE, PAPELLIDO, MAPELLIDO, FEC_NAC) VALUES (17684485, 'K', 'Joaquín', 'Tomás', 'Díaz', 'Flores', TO_DATE('1999-03-29', 'YYYY-MM-DD'));
INSERT INTO ESTUDIANTE (NUMRUN, DV_RUN, PNOMBRE, SNOMBRE, PAPELLIDO, MAPELLIDO, FEC_NAC) VALUES (16051412, '4', 'Antonella', 'Julieta', 'Silva', 'Silva', TO_DATE('2005-02-08', 'YYYY-MM-DD'));
INSERT INTO ESTUDIANTE (NUMRUN, DV_RUN, PNOMBRE, SNOMBRE, PAPELLIDO, MAPELLIDO, FEC_NAC) VALUES (17701758, '2', 'Vicente', 'Benjamín', 'González', 'Díaz', TO_DATE('2001-03-22', 'YYYY-MM-DD'));
INSERT INTO ESTUDIANTE (NUMRUN, DV_RUN, PNOMBRE, SNOMBRE, PAPELLIDO, MAPELLIDO, FEC_NAC) VALUES (18058119, '7', 'Agustina', 'Emma', 'Rojas', 'Fuentes', TO_DATE('2006-04-22', 'YYYY-MM-DD'));
INSERT INTO ESTUDIANTE (NUMRUN, DV_RUN, PNOMBRE, SNOMBRE, PAPELLIDO, MAPELLIDO, FEC_NAC) VALUES (18478473, '4', 'Santiago', 'Joaquín', 'Araya', 'Flores', TO_DATE('1998-07-20', 'YYYY-MM-DD'));
INSERT INTO ESTUDIANTE (NUMRUN, DV_RUN, PNOMBRE, SNOMBRE, PAPELLIDO, MAPELLIDO, FEC_NAC) VALUES (18797131, '4', 'Julieta', 'Amanda', 'Castillo', 'Soto', TO_DATE('2007-05-17', 'YYYY-MM-DD'));
INSERT INTO ESTUDIANTE (NUMRUN, DV_RUN, PNOMBRE, SNOMBRE, PAPELLIDO, MAPELLIDO, FEC_NAC) VALUES (16574546, '9', 'Matías', 'Tomás', 'Martínez', 'Soto', TO_DATE('2007-05-15', 'YYYY-MM-DD'));
INSERT INTO ESTUDIANTE (NUMRUN, DV_RUN, PNOMBRE, SNOMBRE, PAPELLIDO, MAPELLIDO, FEC_NAC) VALUES (21933683, '7', 'Thiago', 'Thiago', 'Morales', 'Araya', TO_DATE('2007-08-21', 'YYYY-MM-DD'));
INSERT INTO ESTUDIANTE (NUMRUN, DV_RUN, PNOMBRE, SNOMBRE, PAPELLIDO, MAPELLIDO, FEC_NAC) VALUES (16058150, '6', 'Julieta', 'Julieta', 'Valenzuela', 'Sepúlveda', TO_DATE('1999-05-05', 'YYYY-MM-DD'));
INSERT INTO ESTUDIANTE (NUMRUN, DV_RUN, PNOMBRE, SNOMBRE, PAPELLIDO, MAPELLIDO, FEC_NAC) VALUES (21644778, '6', 'Florencia', 'Julieta', 'Martínez', 'Rojas', TO_DATE('2005-04-05', 'YYYY-MM-DD'));
INSERT INTO ESTUDIANTE (NUMRUN, DV_RUN, PNOMBRE, SNOMBRE, PAPELLIDO, MAPELLIDO, FEC_NAC) VALUES (20007941, '8', 'Gaspar', 'Mateo', 'Contreras', 'Contreras', TO_DATE('2000-06-11', 'YYYY-MM-DD'));
INSERT INTO ESTUDIANTE (NUMRUN, DV_RUN, PNOMBRE, SNOMBRE, PAPELLIDO, MAPELLIDO, FEC_NAC) VALUES (18927507, '2', 'Agustina', 'Trinidad', 'Soto', 'Araya', TO_DATE('2001-10-24', 'YYYY-MM-DD'));
INSERT INTO ESTUDIANTE (NUMRUN, DV_RUN, PNOMBRE, SNOMBRE, PAPELLIDO, MAPELLIDO, FEC_NAC) VALUES (16570829, '6', 'Antonella', 'Julieta', 'Morales', 'Fuentes', TO_DATE('2004-05-05', 'YYYY-MM-DD'));
INSERT INTO ESTUDIANTE (NUMRUN, DV_RUN, PNOMBRE, SNOMBRE, PAPELLIDO, MAPELLIDO, FEC_NAC) VALUES (21152566, '5', 'Agustina', 'Mía', 'Soto', 'Martínez', TO_DATE('2002-12-06', 'YYYY-MM-DD'));
INSERT INTO ESTUDIANTE (NUMRUN, DV_RUN, PNOMBRE, SNOMBRE, PAPELLIDO, MAPELLIDO, FEC_NAC) VALUES (18584831, '0', 'Maximiliano', 'Santiago', 'Torres', 'Torres', TO_DATE('2001-12-09', 'YYYY-MM-DD'));
INSERT INTO ESTUDIANTE (NUMRUN, DV_RUN, PNOMBRE, SNOMBRE, PAPELLIDO, MAPELLIDO, FEC_NAC) VALUES (20213431, '9', 'Tomás', 'Agustín', 'González', 'Martínez', TO_DATE('2003-10-07', 'YYYY-MM-DD'));
INSERT INTO ESTUDIANTE (NUMRUN, DV_RUN, PNOMBRE, SNOMBRE, PAPELLIDO, MAPELLIDO, FEC_NAC) VALUES (17305051, '8', 'Sofía', 'Antonella', 'Valenzuela', 'Fuentes', TO_DATE('2000-07-15', 'YYYY-MM-DD'));
INSERT INTO ESTUDIANTE (NUMRUN, DV_RUN, PNOMBRE, SNOMBRE, PAPELLIDO, MAPELLIDO, FEC_NAC) VALUES (21067252, '4', 'Maximiliano', 'Emiliano', 'Pérez', 'Rojas', TO_DATE('2007-08-23', 'YYYY-MM-DD'));
INSERT INTO ESTUDIANTE (NUMRUN, DV_RUN, PNOMBRE, SNOMBRE, PAPELLIDO, MAPELLIDO, FEC_NAC) VALUES (17758537, '8', 'Bastián', 'Agustín', 'Fuentes', 'Soto', TO_DATE('2000-01-07', 'YYYY-MM-DD'));
INSERT INTO ESTUDIANTE (NUMRUN, DV_RUN, PNOMBRE, SNOMBRE, PAPELLIDO, MAPELLIDO, FEC_NAC) VALUES (20272888, 'K', 'Emiliano', 'Benjamín', 'Rojas', 'Fuentes', TO_DATE('1999-12-31', 'YYYY-MM-DD'));
INSERT INTO ESTUDIANTE (NUMRUN, DV_RUN, PNOMBRE, SNOMBRE, PAPELLIDO, MAPELLIDO, FEC_NAC) VALUES (21559384, '3', 'Vicente', 'Facundo', 'Rojas', 'Espinoza', TO_DATE('2005-02-19', 'YYYY-MM-DD'));
INSERT INTO ESTUDIANTE (NUMRUN, DV_RUN, PNOMBRE, SNOMBRE, PAPELLIDO, MAPELLIDO, FEC_NAC) VALUES (20132308, '8', 'Sofía', 'Sofía', 'Castillo', 'Muñoz', TO_DATE('2006-04-01', 'YYYY-MM-DD'));
INSERT INTO ESTUDIANTE (NUMRUN, DV_RUN, PNOMBRE, SNOMBRE, PAPELLIDO, MAPELLIDO, FEC_NAC) VALUES (21172018, '2', 'Emilia', 'Sofía', 'Fuentes', 'Díaz', TO_DATE('2001-07-10', 'YYYY-MM-DD'));
INSERT INTO ESTUDIANTE (NUMRUN, DV_RUN, PNOMBRE, SNOMBRE, PAPELLIDO, MAPELLIDO, FEC_NAC) VALUES (17142174, '8', 'Facundo', 'Lucas', 'Espinoza', 'Rojas', TO_DATE('2002-07-03', 'YYYY-MM-DD'));
INSERT INTO ESTUDIANTE (NUMRUN, DV_RUN, PNOMBRE, SNOMBRE, PAPELLIDO, MAPELLIDO, FEC_NAC) VALUES (21620019, '5', 'Benjamín', 'Matías', 'Pérez', 'Rojas', TO_DATE('2004-05-23', 'YYYY-MM-DD'));

-- 4. Poblado de la tabla de relación ESTUDIANTE_CLUB
INSERT INTO ESTUDIANTE_CLUB (NUMRUN_ESTUDIANTE, ID_CLUB) VALUES (16664050, 4);
INSERT INTO ESTUDIANTE_CLUB (NUMRUN_ESTUDIANTE, ID_CLUB) VALUES (16664050, 5);
INSERT INTO ESTUDIANTE_CLUB (NUMRUN_ESTUDIANTE, ID_CLUB) VALUES (18042791, 4);
INSERT INTO ESTUDIANTE_CLUB (NUMRUN_ESTUDIANTE, ID_CLUB) VALUES (18042791, 3);
INSERT INTO ESTUDIANTE_CLUB (NUMRUN_ESTUDIANTE, ID_CLUB) VALUES (18548347, 6);
INSERT INTO ESTUDIANTE_CLUB (NUMRUN_ESTUDIANTE, ID_CLUB) VALUES (16179956, 5);
INSERT INTO ESTUDIANTE_CLUB (NUMRUN_ESTUDIANTE, ID_CLUB) VALUES (16179956, 4);
INSERT INTO ESTUDIANTE_CLUB (NUMRUN_ESTUDIANTE, ID_CLUB) VALUES (18705292, 2);
INSERT INTO ESTUDIANTE_CLUB (NUMRUN_ESTUDIANTE, ID_CLUB) VALUES (18290775, 2);
INSERT INTO ESTUDIANTE_CLUB (NUMRUN_ESTUDIANTE, ID_CLUB) VALUES (18290775, 5);
INSERT INTO ESTUDIANTE_CLUB (NUMRUN_ESTUDIANTE, ID_CLUB) VALUES (16839225, 4);
INSERT INTO ESTUDIANTE_CLUB (NUMRUN_ESTUDIANTE, ID_CLUB) VALUES (16839225, 1);
INSERT INTO ESTUDIANTE_CLUB (NUMRUN_ESTUDIANTE, ID_CLUB) VALUES (20882177, 1);
INSERT INTO ESTUDIANTE_CLUB (NUMRUN_ESTUDIANTE, ID_CLUB) VALUES (20882177, 3);
INSERT INTO ESTUDIANTE_CLUB (NUMRUN_ESTUDIANTE, ID_CLUB) VALUES (16426256, 3);
INSERT INTO ESTUDIANTE_CLUB (NUMRUN_ESTUDIANTE, ID_CLUB) VALUES (16426256, 2);
INSERT INTO ESTUDIANTE_CLUB (NUMRUN_ESTUDIANTE, ID_CLUB) VALUES (20033897, 5);
INSERT INTO ESTUDIANTE_CLUB (NUMRUN_ESTUDIANTE, ID_CLUB) VALUES (19365473, 5);
INSERT INTO ESTUDIANTE_CLUB (NUMRUN_ESTUDIANTE, ID_CLUB) VALUES (19365473, 1);
INSERT INTO ESTUDIANTE_CLUB (NUMRUN_ESTUDIANTE, ID_CLUB) VALUES (21451553, 3);
INSERT INTO ESTUDIANTE_CLUB (NUMRUN_ESTUDIANTE, ID_CLUB) VALUES (20167689, 5);
INSERT INTO ESTUDIANTE_CLUB (NUMRUN_ESTUDIANTE, ID_CLUB) VALUES (20167689, 3);
INSERT INTO ESTUDIANTE_CLUB (NUMRUN_ESTUDIANTE, ID_CLUB) VALUES (16823764, 3);
INSERT INTO ESTUDIANTE_CLUB (NUMRUN_ESTUDIANTE, ID_CLUB) VALUES (16823764, 2);
INSERT INTO ESTUDIANTE_CLUB (NUMRUN_ESTUDIANTE, ID_CLUB) VALUES (18445392, 5);
INSERT INTO ESTUDIANTE_CLUB (NUMRUN_ESTUDIANTE, ID_CLUB) VALUES (18445392, 2);
INSERT INTO ESTUDIANTE_CLUB (NUMRUN_ESTUDIANTE, ID_CLUB) VALUES (19914760, 1);
INSERT INTO ESTUDIANTE_CLUB (NUMRUN_ESTUDIANTE, ID_CLUB) VALUES (19914760, 4);
INSERT INTO ESTUDIANTE_CLUB (NUMRUN_ESTUDIANTE, ID_CLUB) VALUES (17113072, 1);
INSERT INTO ESTUDIANTE_CLUB (NUMRUN_ESTUDIANTE, ID_CLUB) VALUES (17113072, 4);
INSERT INTO ESTUDIANTE_CLUB (NUMRUN_ESTUDIANTE, ID_CLUB) VALUES (19009169, 5);
INSERT INTO ESTUDIANTE_CLUB (NUMRUN_ESTUDIANTE, ID_CLUB) VALUES (17611978, 1);
INSERT INTO ESTUDIANTE_CLUB (NUMRUN_ESTUDIANTE, ID_CLUB) VALUES (17611978, 4);
INSERT INTO ESTUDIANTE_CLUB (NUMRUN_ESTUDIANTE, ID_CLUB) VALUES (18576599, 4);
INSERT INTO ESTUDIANTE_CLUB (NUMRUN_ESTUDIANTE, ID_CLUB) VALUES (18576599, 1);
INSERT INTO ESTUDIANTE_CLUB (NUMRUN_ESTUDIANTE, ID_CLUB) VALUES (17684485, 3);
INSERT INTO ESTUDIANTE_CLUB (NUMRUN_ESTUDIANTE, ID_CLUB) VALUES (16051412, 6);
INSERT INTO ESTUDIANTE_CLUB (NUMRUN_ESTUDIANTE, ID_CLUB) VALUES (16051412, 2);
INSERT INTO ESTUDIANTE_CLUB (NUMRUN_ESTUDIANTE, ID_CLUB) VALUES (17701758, 5);
INSERT INTO ESTUDIANTE_CLUB (NUMRUN_ESTUDIANTE, ID_CLUB) VALUES (17701758, 6);
INSERT INTO ESTUDIANTE_CLUB (NUMRUN_ESTUDIANTE, ID_CLUB) VALUES (18058119, 2);
INSERT INTO ESTUDIANTE_CLUB (NUMRUN_ESTUDIANTE, ID_CLUB) VALUES (18478473, 2);
INSERT INTO ESTUDIANTE_CLUB (NUMRUN_ESTUDIANTE, ID_CLUB) VALUES (18797131, 5);
INSERT INTO ESTUDIANTE_CLUB (NUMRUN_ESTUDIANTE, ID_CLUB) VALUES (18797131, 4);
INSERT INTO ESTUDIANTE_CLUB (NUMRUN_ESTUDIANTE, ID_CLUB) VALUES (16574546, 2);
INSERT INTO ESTUDIANTE_CLUB (NUMRUN_ESTUDIANTE, ID_CLUB) VALUES (16574546, 1);
INSERT INTO ESTUDIANTE_CLUB (NUMRUN_ESTUDIANTE, ID_CLUB) VALUES (21933683, 5);
INSERT INTO ESTUDIANTE_CLUB (NUMRUN_ESTUDIANTE, ID_CLUB) VALUES (16058150, 6);
INSERT INTO ESTUDIANTE_CLUB (NUMRUN_ESTUDIANTE, ID_CLUB) VALUES (21644778, 2);
INSERT INTO ESTUDIANTE_CLUB (NUMRUN_ESTUDIANTE, ID_CLUB) VALUES (20007941, 4);
INSERT INTO ESTUDIANTE_CLUB (NUMRUN_ESTUDIANTE, ID_CLUB) VALUES (20007941, 2);
INSERT INTO ESTUDIANTE_CLUB (NUMRUN_ESTUDIANTE, ID_CLUB) VALUES (18927507, 3);
INSERT INTO ESTUDIANTE_CLUB (NUMRUN_ESTUDIANTE, ID_CLUB) VALUES (16570829, 1);
INSERT INTO ESTUDIANTE_CLUB (NUMRUN_ESTUDIANTE, ID_CLUB) VALUES (16570829, 2);
INSERT INTO ESTUDIANTE_CLUB (NUMRUN_ESTUDIANTE, ID_CLUB) VALUES (21152566, 3);
INSERT INTO ESTUDIANTE_CLUB (NUMRUN_ESTUDIANTE, ID_CLUB) VALUES (21152566, 5);
INSERT INTO ESTUDIANTE_CLUB (NUMRUN_ESTUDIANTE, ID_CLUB) VALUES (18584831, 4);
INSERT INTO ESTUDIANTE_CLUB (NUMRUN_ESTUDIANTE, ID_CLUB) VALUES (18584831, 2);
INSERT INTO ESTUDIANTE_CLUB (NUMRUN_ESTUDIANTE, ID_CLUB) VALUES (20213431, 6);
INSERT INTO ESTUDIANTE_CLUB (NUMRUN_ESTUDIANTE, ID_CLUB) VALUES (17305051, 4);
INSERT INTO ESTUDIANTE_CLUB (NUMRUN_ESTUDIANTE, ID_CLUB) VALUES (17305051, 6);
INSERT INTO ESTUDIANTE_CLUB (NUMRUN_ESTUDIANTE, ID_CLUB) VALUES (21067252, 2);
INSERT INTO ESTUDIANTE_CLUB (NUMRUN_ESTUDIANTE, ID_CLUB) VALUES (21067252, 4);
INSERT INTO ESTUDIANTE_CLUB (NUMRUN_ESTUDIANTE, ID_CLUB) VALUES (17758537, 6);
INSERT INTO ESTUDIANTE_CLUB (NUMRUN_ESTUDIANTE, ID_CLUB) VALUES (20272888, 2);
INSERT INTO ESTUDIANTE_CLUB (NUMRUN_ESTUDIANTE, ID_CLUB) VALUES (21559384, 2);
INSERT INTO ESTUDIANTE_CLUB (NUMRUN_ESTUDIANTE, ID_CLUB) VALUES (21559384, 3);
INSERT INTO ESTUDIANTE_CLUB (NUMRUN_ESTUDIANTE, ID_CLUB) VALUES (20132308, 3);
INSERT INTO ESTUDIANTE_CLUB (NUMRUN_ESTUDIANTE, ID_CLUB) VALUES (20132308, 6);
INSERT INTO ESTUDIANTE_CLUB (NUMRUN_ESTUDIANTE, ID_CLUB) VALUES (21172018, 4);
INSERT INTO ESTUDIANTE_CLUB (NUMRUN_ESTUDIANTE, ID_CLUB) VALUES (17142174, 6);
INSERT INTO ESTUDIANTE_CLUB (NUMRUN_ESTUDIANTE, ID_CLUB) VALUES (17142174, 2);
INSERT INTO ESTUDIANTE_CLUB (NUMRUN_ESTUDIANTE, ID_CLUB) VALUES (21620019, 5);
INSERT INTO ESTUDIANTE_CLUB (NUMRUN_ESTUDIANTE, ID_CLUB) VALUES (21620019, 6);

-- 5. Poblado de la tabla de relación ESTUDIANTE_PROYECTO
INSERT INTO ESTUDIANTE_PROYECTO (NUMRUN_ESTUDIANTE, ID_PROYECTO) VALUES (16664050, 3);
INSERT INTO ESTUDIANTE_PROYECTO (NUMRUN_ESTUDIANTE, ID_PROYECTO) VALUES (18042791, 1);
INSERT INTO ESTUDIANTE_PROYECTO (NUMRUN_ESTUDIANTE, ID_PROYECTO) VALUES (18042791, 7);
INSERT INTO ESTUDIANTE_PROYECTO (NUMRUN_ESTUDIANTE, ID_PROYECTO) VALUES (18042791, 5);
INSERT INTO ESTUDIANTE_PROYECTO (NUMRUN_ESTUDIANTE, ID_PROYECTO) VALUES (18548347, 1);
INSERT INTO ESTUDIANTE_PROYECTO (NUMRUN_ESTUDIANTE, ID_PROYECTO) VALUES (18548347, 2);
INSERT INTO ESTUDIANTE_PROYECTO (NUMRUN_ESTUDIANTE, ID_PROYECTO) VALUES (18548347, 6);
INSERT INTO ESTUDIANTE_PROYECTO (NUMRUN_ESTUDIANTE, ID_PROYECTO) VALUES (16179956, 5);
INSERT INTO ESTUDIANTE_PROYECTO (NUMRUN_ESTUDIANTE, ID_PROYECTO) VALUES (16179956, 1);
INSERT INTO ESTUDIANTE_PROYECTO (NUMRUN_ESTUDIANTE, ID_PROYECTO) VALUES (16179956, 2);
INSERT INTO ESTUDIANTE_PROYECTO (NUMRUN_ESTUDIANTE, ID_PROYECTO) VALUES (18705292, 6);
INSERT INTO ESTUDIANTE_PROYECTO (NUMRUN_ESTUDIANTE, ID_PROYECTO) VALUES (18705292, 4);
INSERT INTO ESTUDIANTE_PROYECTO (NUMRUN_ESTUDIANTE, ID_PROYECTO) VALUES (18290775, 6);
INSERT INTO ESTUDIANTE_PROYECTO (NUMRUN_ESTUDIANTE, ID_PROYECTO) VALUES (16839225, 5);
INSERT INTO ESTUDIANTE_PROYECTO (NUMRUN_ESTUDIANTE, ID_PROYECTO) VALUES (20882177, 2);
INSERT INTO ESTUDIANTE_PROYECTO (NUMRUN_ESTUDIANTE, ID_PROYECTO) VALUES (16426256, 2);
INSERT INTO ESTUDIANTE_PROYECTO (NUMRUN_ESTUDIANTE, ID_PROYECTO) VALUES (16426256, 3);
INSERT INTO ESTUDIANTE_PROYECTO (NUMRUN_ESTUDIANTE, ID_PROYECTO) VALUES (20033897, 7);
INSERT INTO ESTUDIANTE_PROYECTO (NUMRUN_ESTUDIANTE, ID_PROYECTO) VALUES (20033897, 5);
INSERT INTO ESTUDIANTE_PROYECTO (NUMRUN_ESTUDIANTE, ID_PROYECTO) VALUES (19365473, 1);
INSERT INTO ESTUDIANTE_PROYECTO (NUMRUN_ESTUDIANTE, ID_PROYECTO) VALUES (19365473, 2);
INSERT INTO ESTUDIANTE_PROYECTO (NUMRUN_ESTUDIANTE, ID_PROYECTO) VALUES (21451553, 5);
INSERT INTO ESTUDIANTE_PROYECTO (NUMRUN_ESTUDIANTE, ID_PROYECTO) VALUES (21451553, 4);
INSERT INTO ESTUDIANTE_PROYECTO (NUMRUN_ESTUDIANTE, ID_PROYECTO) VALUES (21451553, 3);
INSERT INTO ESTUDIANTE_PROYECTO (NUMRUN_ESTUDIANTE, ID_PROYECTO) VALUES (20167689, 3);
INSERT INTO ESTUDIANTE_PROYECTO (NUMRUN_ESTUDIANTE, ID_PROYECTO) VALUES (16823764, 6);
INSERT INTO ESTUDIANTE_PROYECTO (NUMRUN_ESTUDIANTE, ID_PROYECTO) VALUES (16823764, 3);
INSERT INTO ESTUDIANTE_PROYECTO (NUMRUN_ESTUDIANTE, ID_PROYECTO) VALUES (18445392, 4);
INSERT INTO ESTUDIANTE_PROYECTO (NUMRUN_ESTUDIANTE, ID_PROYECTO) VALUES (18445392, 5);
INSERT INTO ESTUDIANTE_PROYECTO (NUMRUN_ESTUDIANTE, ID_PROYECTO) VALUES (18445392, 3);
INSERT INTO ESTUDIANTE_PROYECTO (NUMRUN_ESTUDIANTE, ID_PROYECTO) VALUES (19914760, 7);
INSERT INTO ESTUDIANTE_PROYECTO (NUMRUN_ESTUDIANTE, ID_PROYECTO) VALUES (19914760, 1);
INSERT INTO ESTUDIANTE_PROYECTO (NUMRUN_ESTUDIANTE, ID_PROYECTO) VALUES (17113072, 5);
INSERT INTO ESTUDIANTE_PROYECTO (NUMRUN_ESTUDIANTE, ID_PROYECTO) VALUES (17113072, 6);
INSERT INTO ESTUDIANTE_PROYECTO (NUMRUN_ESTUDIANTE, ID_PROYECTO) VALUES (17113072, 1);
INSERT INTO ESTUDIANTE_PROYECTO (NUMRUN_ESTUDIANTE, ID_PROYECTO) VALUES (19009169, 1);
INSERT INTO ESTUDIANTE_PROYECTO (NUMRUN_ESTUDIANTE, ID_PROYECTO) VALUES (19009169, 2);
INSERT INTO ESTUDIANTE_PROYECTO (NUMRUN_ESTUDIANTE, ID_PROYECTO) VALUES (19009169, 6);
INSERT INTO ESTUDIANTE_PROYECTO (NUMRUN_ESTUDIANTE, ID_PROYECTO) VALUES (17611978, 7);
INSERT INTO ESTUDIANTE_PROYECTO (NUMRUN_ESTUDIANTE, ID_PROYECTO) VALUES (18576599, 5);
INSERT INTO ESTUDIANTE_PROYECTO (NUMRUN_ESTUDIANTE, ID_PROYECTO) VALUES (17684485, 1);
INSERT INTO ESTUDIANTE_PROYECTO (NUMRUN_ESTUDIANTE, ID_PROYECTO) VALUES (16051412, 7);
INSERT INTO ESTUDIANTE_PROYECTO (NUMRUN_ESTUDIANTE, ID_PROYECTO) VALUES (16051412, 5);
INSERT INTO ESTUDIANTE_PROYECTO (NUMRUN_ESTUDIANTE, ID_PROYECTO) VALUES (17701758, 3);
INSERT INTO ESTUDIANTE_PROYECTO (NUMRUN_ESTUDIANTE, ID_PROYECTO) VALUES (18058119, 5);
INSERT INTO ESTUDIANTE_PROYECTO (NUMRUN_ESTUDIANTE, ID_PROYECTO) VALUES (18058119, 7);
INSERT INTO ESTUDIANTE_PROYECTO (NUMRUN_ESTUDIANTE, ID_PROYECTO) VALUES (18058119, 1);
INSERT INTO ESTUDIANTE_PROYECTO (NUMRUN_ESTUDIANTE, ID_PROYECTO) VALUES (18478473, 1);
INSERT INTO ESTUDIANTE_PROYECTO (NUMRUN_ESTUDIANTE, ID_PROYECTO) VALUES (18478473, 7);
INSERT INTO ESTUDIANTE_PROYECTO (NUMRUN_ESTUDIANTE, ID_PROYECTO) VALUES (18797131, 3);
INSERT INTO ESTUDIANTE_PROYECTO (NUMRUN_ESTUDIANTE, ID_PROYECTO) VALUES (18797131, 4);
INSERT INTO ESTUDIANTE_PROYECTO (NUMRUN_ESTUDIANTE, ID_PROYECTO) VALUES (16574546, 7);
INSERT INTO ESTUDIANTE_PROYECTO (NUMRUN_ESTUDIANTE, ID_PROYECTO) VALUES (21933683, 2);
INSERT INTO ESTUDIANTE_PROYECTO (NUMRUN_ESTUDIANTE, ID_PROYECTO) VALUES (16058150, 1);
INSERT INTO ESTUDIANTE_PROYECTO (NUMRUN_ESTUDIANTE, ID_PROYECTO) VALUES (16058150, 2);
INSERT INTO ESTUDIANTE_PROYECTO (NUMRUN_ESTUDIANTE, ID_PROYECTO) VALUES (16058150, 6);
INSERT INTO ESTUDIANTE_PROYECTO (NUMRUN_ESTUDIANTE, ID_PROYECTO) VALUES (21644778, 1);
INSERT INTO ESTUDIANTE_PROYECTO (NUMRUN_ESTUDIANTE, ID_PROYECTO) VALUES (21644778, 5);
INSERT INTO ESTUDIANTE_PROYECTO (NUMRUN_ESTUDIANTE, ID_PROYECTO) VALUES (20007941, 2);
INSERT INTO ESTUDIANTE_PROYECTO (NUMRUN_ESTUDIANTE, ID_PROYECTO) VALUES (20007941, 4);
INSERT INTO ESTUDIANTE_PROYECTO (NUMRUN_ESTUDIANTE, ID_PROYECTO) VALUES (20007941, 1);
INSERT INTO ESTUDIANTE_PROYECTO (NUMRUN_ESTUDIANTE, ID_PROYECTO) VALUES (18927507, 1);
INSERT INTO ESTUDIANTE_PROYECTO (NUMRUN_ESTUDIANTE, ID_PROYECTO) VALUES (18927507, 6);
INSERT INTO ESTUDIANTE_PROYECTO (NUMRUN_ESTUDIANTE, ID_PROYECTO) VALUES (16570829, 4);
INSERT INTO ESTUDIANTE_PROYECTO (NUMRUN_ESTUDIANTE, ID_PROYECTO) VALUES (16570829, 1);
INSERT INTO ESTUDIANTE_PROYECTO (NUMRUN_ESTUDIANTE, ID_PROYECTO) VALUES (21152566, 7);
INSERT INTO ESTUDIANTE_PROYECTO (NUMRUN_ESTUDIANTE, ID_PROYECTO) VALUES (18584831, 5);
INSERT INTO ESTUDIANTE_PROYECTO (NUMRUN_ESTUDIANTE, ID_PROYECTO) VALUES (18584831, 1);
INSERT INTO ESTUDIANTE_PROYECTO (NUMRUN_ESTUDIANTE, ID_PROYECTO) VALUES (20213431, 1);
INSERT INTO ESTUDIANTE_PROYECTO (NUMRUN_ESTUDIANTE, ID_PROYECTO) VALUES (20213431, 3);
INSERT INTO ESTUDIANTE_PROYECTO (NUMRUN_ESTUDIANTE, ID_PROYECTO) VALUES (20213431, 5);
INSERT INTO ESTUDIANTE_PROYECTO (NUMRUN_ESTUDIANTE, ID_PROYECTO) VALUES (17305051, 2);
INSERT INTO ESTUDIANTE_PROYECTO (NUMRUN_ESTUDIANTE, ID_PROYECTO) VALUES (21067252, 4);
INSERT INTO ESTUDIANTE_PROYECTO (NUMRUN_ESTUDIANTE, ID_PROYECTO) VALUES (21067252, 2);
INSERT INTO ESTUDIANTE_PROYECTO (NUMRUN_ESTUDIANTE, ID_PROYECTO) VALUES (21067252, 1);
INSERT INTO ESTUDIANTE_PROYECTO (NUMRUN_ESTUDIANTE, ID_PROYECTO) VALUES (17758537, 2);
INSERT INTO ESTUDIANTE_PROYECTO (NUMRUN_ESTUDIANTE, ID_PROYECTO) VALUES (17758537, 6);
INSERT INTO ESTUDIANTE_PROYECTO (NUMRUN_ESTUDIANTE, ID_PROYECTO) VALUES (20272888, 3);
INSERT INTO ESTUDIANTE_PROYECTO (NUMRUN_ESTUDIANTE, ID_PROYECTO) VALUES (20272888, 5);
INSERT INTO ESTUDIANTE_PROYECTO (NUMRUN_ESTUDIANTE, ID_PROYECTO) VALUES (21559384, 4);
INSERT INTO ESTUDIANTE_PROYECTO (NUMRUN_ESTUDIANTE, ID_PROYECTO) VALUES (21559384, 5);
INSERT INTO ESTUDIANTE_PROYECTO (NUMRUN_ESTUDIANTE, ID_PROYECTO) VALUES (20132308, 7);
INSERT INTO ESTUDIANTE_PROYECTO (NUMRUN_ESTUDIANTE, ID_PROYECTO) VALUES (20132308, 5);
INSERT INTO ESTUDIANTE_PROYECTO (NUMRUN_ESTUDIANTE, ID_PROYECTO) VALUES (21172018, 6);
INSERT INTO ESTUDIANTE_PROYECTO (NUMRUN_ESTUDIANTE, ID_PROYECTO) VALUES (21172018, 2);
INSERT INTO ESTUDIANTE_PROYECTO (NUMRUN_ESTUDIANTE, ID_PROYECTO) VALUES (17142174, 2);
INSERT INTO ESTUDIANTE_PROYECTO (NUMRUN_ESTUDIANTE, ID_PROYECTO) VALUES (21620019, 4);

-- Confirmar todos los cambios en la base de datos
COMMIT;
