-- Script de Poblado para Base de Datos CITT DUOC UC (Oracle)

-- Limpieza de tablas en orden de dependencia inversa
DELETE FROM ESTUDIANTE;
DELETE FROM PROYECTO;
DELETE FROM TRACK;
DELETE FROM PROFESOR;

-- Reinicio de secuencias (si es necesario)
DROP SEQUENCE SEQ_PROFESOR;
CREATE SEQUENCE SEQ_PROFESOR START WITH 1 INCREMENT BY 1;
DROP SEQUENCE SEQ_TRACK;
CREATE SEQUENCE SEQ_TRACK START WITH 1 INCREMENT BY 1;
DROP SEQUENCE SEQ_PROYECTO;
CREATE SEQUENCE SEQ_PROYECTO START WITH 101 INCREMENT BY 1;

-- 1. Poblado de la tabla PROFESOR
INSERT INTO PROFESOR (id_profesor, pnombre, papellido, rut) VALUES (SEQ_PROFESOR.NEXTVAL, 'Juan', 'Pérez', 10878464);
INSERT INTO PROFESOR (id_profesor, pnombre, papellido, rut) VALUES (SEQ_PROFESOR.NEXTVAL, 'Ana', 'García', 13866944);
INSERT INTO PROFESOR (id_profesor, pnombre, papellido, rut) VALUES (SEQ_PROFESOR.NEXTVAL, 'Carlos', 'López', 12441922);
INSERT INTO PROFESOR (id_profesor, pnombre, papellido, rut) VALUES (SEQ_PROFESOR.NEXTVAL, 'María', 'Martínez', 10778459);
INSERT INTO PROFESOR (id_profesor, pnombre, papellido, rut) VALUES (SEQ_PROFESOR.NEXTVAL, 'Luis', 'Hernández', 12360602);
INSERT INTO PROFESOR (id_profesor, pnombre, papellido, rut) VALUES (SEQ_PROFESOR.NEXTVAL, 'Elena', 'Gómez', 13908535);

-- 2. Poblado de la tabla TRACK
INSERT INTO TRACK (id_track, nombre, id_profesor) VALUES (SEQ_TRACK.NEXTVAL, 'Track de Robótica', 1);
INSERT INTO TRACK (id_track, nombre, id_profesor) VALUES (SEQ_TRACK.NEXTVAL, 'Track de Programación Competitiva', 2);
INSERT INTO TRACK (id_track, nombre, id_profesor) VALUES (SEQ_TRACK.NEXTVAL, 'Track de Inteligencia Artificial', 3);
INSERT INTO TRACK (id_track, nombre, id_profesor) VALUES (SEQ_TRACK.NEXTVAL, 'Track de Ciberseguridad', 4);
INSERT INTO TRACK (id_track, nombre, id_profesor) VALUES (SEQ_TRACK.NEXTVAL, 'Track de Desarrollo de Videojuegos', 5);
INSERT INTO TRACK (id_track, nombre, id_profesor) VALUES (SEQ_TRACK.NEXTVAL, 'Track de Desarrollo Web y Móvil', 6);

-- 3. Poblado de la tabla PROYECTO
INSERT INTO PROYECTO (id_proyecto, nombre, descripcion, id_track) VALUES (101, 'Robot de Exploración Planetaria a Escala v2', 'Descripción detallada del proyecto Robot de Exploración Planetaria a Escala v2.', 1);
INSERT INTO PROYECTO (id_proyecto, nombre, descripcion, id_track) VALUES (102, 'Videojuego Educativo sobre Historia de Chile v3', 'Descripción detallada del proyecto Videojuego Educativo sobre Historia de Chile v3.', 5);
INSERT INTO PROYECTO (id_proyecto, nombre, descripcion, id_track) VALUES (103, 'App de Realidad Aumentada para el Campus v2', 'Descripción detallada del proyecto App de Realidad Aumentada para el Campus v2.', 6);
INSERT INTO PROYECTO (id_proyecto, nombre, descripcion, id_track) VALUES (104, 'Juego de Puzzles basado en Físicas para Móviles v2', 'Descripción detallada del proyecto Juego de Puzzles basado en Físicas para Móviles v2.', 5);
INSERT INTO PROYECTO (id_proyecto, nombre, descripcion, id_track) VALUES (105, 'RPG 2D con Narrativa Interactiva v5', 'Descripción detallada del proyecto RPG 2D con Narrativa Interactiva v5.', 5);
INSERT INTO PROYECTO (id_proyecto, nombre, descripcion, id_track) VALUES (106, 'App de Realidad Aumentada para el Campus v3', 'Descripción detallada del proyecto App de Realidad Aumentada para el Campus v3.', 6);
INSERT INTO PROYECTO (id_proyecto, nombre, descripcion, id_track) VALUES (107, 'Repositorio de Soluciones Optimizadas v2', 'Descripción detallada del proyecto Repositorio de Soluciones Optimizadas v2.', 2);
INSERT INTO PROYECTO (id_proyecto, nombre, descripcion, id_track) VALUES (108, 'Chatbot Asistente para Estudiantes de DUOC v4', 'Descripción detallada del proyecto Chatbot Asistente para Estudiantes de DUOC v4.', 3);
INSERT INTO PROYECTO (id_proyecto, nombre, descripcion, id_track) VALUES (109, 'Modelo de Detección de Emociones en Texto v5', 'Descripción detallada del proyecto Modelo de Detección de Emociones en Texto v5.', 3);
INSERT INTO PROYECTO (id_proyecto, nombre, descripcion, id_track) VALUES (110, 'Analizador de Malware en Entornos Aislados (Sandbox) v4', 'Descripción detallada del proyecto Analizador de Malware en Entornos Aislados (Sandbox) v4.', 4);
INSERT INTO PROYECTO (id_proyecto, nombre, descripcion, id_track) VALUES (111, 'Sistema de Detección de Intrusiones basado en Anomalías v4', 'Descripción detallada del proyecto Sistema de Detección de Intrusiones basado en Anomalías v4.', 4);
INSERT INTO PROYECTO (id_proyecto, nombre, descripcion, id_track) VALUES (112, 'Marketplace de Proyectos Freelance para la Comunidad DUOC v4', 'Descripción detallada del proyecto Marketplace de Proyectos Freelance para la Comunidad DUOC v4.', 6);
INSERT INTO PROYECTO (id_proyecto, nombre, descripcion, id_track) VALUES (113, 'Robot de Exploración Planetaria a Escala v2', 'Descripción detallada del proyecto Robot de Exploración Planetaria a Escala v2.', 1);
INSERT INTO PROYECTO (id_proyecto, nombre, descripcion, id_track) VALUES (114, 'Brazo Robótico Autónomo con Visión Artificial v3', 'Descripción detallada del proyecto Brazo Robótico Autónomo con Visión Artificial v3.', 1);
INSERT INTO PROYECTO (id_proyecto, nombre, descripcion, id_track) VALUES (115, 'Framework para Simulación de Ataques de Phishing v4', 'Descripción detallada del proyecto Framework para Simulación de Ataques de Phishing v4.', 4);
INSERT INTO PROYECTO (id_proyecto, nombre, descripcion, id_track) VALUES (116, 'Plataforma Web de Intercambio de Habilidades entre Estudiantes v2', 'Descripción detallada del proyecto Plataforma Web de Intercambio de Habilidades entre Estudiantes v2.', 6);
INSERT INTO PROYECTO (id_proyecto, nombre, descripcion, id_track) VALUES (117, 'Robot Seguidor de Línea para Competición v3', 'Descripción detallada del proyecto Robot Seguidor de Línea para Competición v3.', 1);
INSERT INTO PROYECTO (id_proyecto, nombre, descripcion, id_track) VALUES (118, 'Videojuego Educativo sobre Historia de Chile v5', 'Descripción detallada del proyecto Videojuego Educativo sobre Historia de Chile v5.', 5);
INSERT INTO PROYECTO (id_proyecto, nombre, descripcion, id_track) VALUES (119, 'Analizador de Malware en Entornos Aislados (Sandbox) v5', 'Descripción detallada del proyecto Analizador de Malware en Entornos Aislados (Sandbox) v5.', 4);
INSERT INTO PROYECTO (id_proyecto, nombre, descripcion, id_track) VALUES (120, 'Plataforma de Juez en Línea para Algoritmos v3', 'Descripción detallada del proyecto Plataforma de Juez en Línea para Algoritmos v3.', 2);
INSERT INTO PROYECTO (id_proyecto, nombre, descripcion, id_track) VALUES (121, 'Analizador de Malware en Entornos Aislados (Sandbox) v1', 'Descripción detallada del proyecto Analizador de Malware en Entornos Aislados (Sandbox) v1.', 4);
INSERT INTO PROYECTO (id_proyecto, nombre, descripcion, id_track) VALUES (122, 'Robot Seguidor de Línea para Competición v4', 'Descripción detallada del proyecto Robot Seguidor de Línea para Competición v4.', 1);
INSERT INTO PROYECTO (id_proyecto, nombre, descripcion, id_track) VALUES (123, 'Plataforma Web de Intercambio de Habilidades entre Estudiantes v1', 'Descripción detallada del proyecto Plataforma Web de Intercambio de Habilidades entre Estudiantes v1.', 6);
INSERT INTO PROYECTO (id_proyecto, nombre, descripcion, id_track) VALUES (124, 'Visualizador de Estructuras de Datos Complejas v2', 'Descripción detallada del proyecto Visualizador de Estructuras de Datos Complejas v2.', 2);
INSERT INTO PROYECTO (id_proyecto, nombre, descripcion, id_track) VALUES (125, 'Aplicación Móvil para la Gestión de Proyectos CITT v2', 'Descripción detallada del proyecto Aplicación Móvil para la Gestión de Proyectos CITT v2.', 6);
INSERT INTO PROYECTO (id_proyecto, nombre, descripcion, id_track) VALUES (126, 'Framework para Simulación de Ataques de Phishing v4', 'Descripción detallada del proyecto Framework para Simulación de Ataques de Phishing v4.', 4);
INSERT INTO PROYECTO (id_proyecto, nombre, descripcion, id_track) VALUES (127, 'Aplicación Móvil para la Gestión de Proyectos CITT v3', 'Descripción detallada del proyecto Aplicación Móvil para la Gestión de Proyectos CITT v3.', 6);
INSERT INTO PROYECTO (id_proyecto, nombre, descripcion, id_track) VALUES (128, 'Marketplace de Proyectos Freelance para la Comunidad DUOC v1', 'Descripción detallada del proyecto Marketplace de Proyectos Freelance para la Comunidad DUOC v1.', 6);
INSERT INTO PROYECTO (id_proyecto, nombre, descripcion, id_track) VALUES (129, 'Aplicación Móvil para la Gestión de Proyectos CITT v5', 'Descripción detallada del proyecto Aplicación Móvil para la Gestión de Proyectos CITT v5.', 6);
INSERT INTO PROYECTO (id_proyecto, nombre, descripcion, id_track) VALUES (130, 'Robot Seguidor de Línea para Competición v5', 'Descripción detallada del proyecto Robot Seguidor de Línea para Competición v5.', 1);
INSERT INTO PROYECTO (id_proyecto, nombre, descripcion, id_track) VALUES (131, 'Videojuego Educativo sobre Historia de Chile v1', 'Descripción detallada del proyecto Videojuego Educativo sobre Historia de Chile v1.', 5);
INSERT INTO PROYECTO (id_proyecto, nombre, descripcion, id_track) VALUES (132, 'Aplicación Móvil para la Gestión de Proyectos CITT v4', 'Descripción detallada del proyecto Aplicación Móvil para la Gestión de Proyectos CITT v4.', 6);
INSERT INTO PROYECTO (id_proyecto, nombre, descripcion, id_track) VALUES (133, 'Herramienta de Análisis de Vulnerabilidades Web v3', 'Descripción detallada del proyecto Herramienta de Análisis de Vulnerabilidades Web v3.', 4);
INSERT INTO PROYECTO (id_proyecto, nombre, descripcion, id_track) VALUES (134, 'Videojuego Educativo sobre Historia de Chile v3', 'Descripción detallada del proyecto Videojuego Educativo sobre Historia de Chile v3.', 5);
INSERT INTO PROYECTO (id_proyecto, nombre, descripcion, id_track) VALUES (135, 'Analizador de Malware en Entornos Aislados (Sandbox) v4', 'Descripción detallada del proyecto Analizador de Malware en Entornos Aislados (Sandbox) v4.', 4);
INSERT INTO PROYECTO (id_proyecto, nombre, descripcion, id_track) VALUES (136, 'Aplicación Móvil para la Gestión de Proyectos CITT v5', 'Descripción detallada del proyecto Aplicación Móvil para la Gestión de Proyectos CITT v5.', 6);
INSERT INTO PROYECTO (id_proyecto, nombre, descripcion, id_track) VALUES (137, 'Sistema de Recomendación de Contenidos Educativos v2', 'Descripción detallada del proyecto Sistema de Recomendación de Contenidos Educativos v2.', 3);
INSERT INTO PROYECTO (id_proyecto, nombre, descripcion, id_track) VALUES (138, 'Aplicación Móvil para la Gestión de Proyectos CITT v1', 'Descripción detallada del proyecto Aplicación Móvil para la Gestión de Proyectos CITT v1.', 6);
INSERT INTO PROYECTO (id_proyecto, nombre, descripcion, id_track) VALUES (139, 'Brazo Robótico Autónomo con Visión Artificial v1', 'Descripción detallada del proyecto Brazo Robótico Autónomo con Visión Artificial v1.', 1);
INSERT INTO PROYECTO (id_proyecto, nombre, descripcion, id_track) VALUES (140, 'Modelo de Detección de Emociones en Texto v1', 'Descripción detallada del proyecto Modelo de Detección de Emociones en Texto v1.', 3);
INSERT INTO PROYECTO (id_proyecto, nombre, descripcion, id_track) VALUES (141, 'Chatbot Asistente para Estudiantes de DUOC v1', 'Descripción detallada del proyecto Chatbot Asistente para Estudiantes de DUOC v1.', 3);
INSERT INTO PROYECTO (id_proyecto, nombre, descripcion, id_track) VALUES (142, 'Sistema de Detección de Intrusiones basado en Anomalías v1', 'Descripción detallada del proyecto Sistema de Detección de Intrusiones basado en Anomalías v1.', 4);
INSERT INTO PROYECTO (id_proyecto, nombre, descripcion, id_track) VALUES (143, 'Brazo Robótico Autónomo con Visión Artificial v2', 'Descripción detallada del proyecto Brazo Robótico Autónomo con Visión Artificial v2.', 1);
INSERT INTO PROYECTO (id_proyecto, nombre, descripcion, id_track) VALUES (144, 'Robot Seguidor de Línea para Competición v2', 'Descripción detallada del proyecto Robot Seguidor de Línea para Competición v2.', 1);
INSERT INTO PROYECTO (id_proyecto, nombre, descripcion, id_track) VALUES (145, 'Framework para Pruebas de Estrés en Problemas de Competencia v1', 'Descripción detallada del proyecto Framework para Pruebas de Estrés en Problemas de Competencia v1.', 2);
INSERT INTO PROYECTO (id_proyecto, nombre, descripcion, id_track) VALUES (146, 'Plataforma de Juez en Línea para Algoritmos v1', 'Descripción detallada del proyecto Plataforma de Juez en Línea para Algoritmos v1.', 2);
INSERT INTO PROYECTO (id_proyecto, nombre, descripcion, id_track) VALUES (147, 'Repositorio de Soluciones Optimizadas v4', 'Descripción detallada del proyecto Repositorio de Soluciones Optimizadas v4.', 2);
INSERT INTO PROYECTO (id_proyecto, nombre, descripcion, id_track) VALUES (148, 'Sistema de Navegación para Drones de Interior v2', 'Descripción detallada del proyecto Sistema de Navegación para Drones de Interior v2.', 1);
INSERT INTO PROYECTO (id_proyecto, nombre, descripcion, id_track) VALUES (149, 'Juego de Puzzles basado en Físicas para Móviles v3', 'Descripción detallada del proyecto Juego de Puzzles basado en Físicas para Móviles v3.', 5);
INSERT INTO PROYECTO (id_proyecto, nombre, descripcion, id_track) VALUES (150, 'Sistema de Navegación para Drones de Interior v2', 'Descripción detallada del proyecto Sistema de Navegación para Drones de Interior v2.', 1);
INSERT INTO PROYECTO (id_proyecto, nombre, descripcion, id_track) VALUES (151, 'Repositorio de Soluciones Optimizadas v5', 'Descripción detallada del proyecto Repositorio de Soluciones Optimizadas v5.', 2);
INSERT INTO PROYECTO (id_proyecto, nombre, descripcion, id_track) VALUES (152, 'Plataforma de Juez en Línea para Algoritmos v1', 'Descripción detallada del proyecto Plataforma de Juez en Línea para Algoritmos v1.', 2);
INSERT INTO PROYECTO (id_proyecto, nombre, descripcion, id_track) VALUES (153, 'Videojuego Educativo sobre Historia de Chile v2', 'Descripción detallada del proyecto Videojuego Educativo sobre Historia de Chile v2.', 5);
INSERT INTO PROYECTO (id_proyecto, nombre, descripcion, id_track) VALUES (154, 'Videojuego Educativo sobre Historia de Chile v2', 'Descripción detallada del proyecto Videojuego Educativo sobre Historia de Chile v2.', 5);
INSERT INTO PROYECTO (id_proyecto, nombre, descripcion, id_track) VALUES (155, 'Brazo Robótico Autónomo con Visión Artificial v1', 'Descripción detallada del proyecto Brazo Robótico Autónomo con Visión Artificial v1.', 1);
INSERT INTO PROYECTO (id_proyecto, nombre, descripcion, id_track) VALUES (156, 'Analizador de Malware en Entornos Aislados (Sandbox) v2', 'Descripción detallada del proyecto Analizador de Malware en Entornos Aislados (Sandbox) v2.', 4);
INSERT INTO PROYECTO (id_proyecto, nombre, descripcion, id_track) VALUES (157, 'Chatbot Asistente para Estudiantes de DUOC v4', 'Descripción detallada del proyecto Chatbot Asistente para Estudiantes de DUOC v4.', 3);
INSERT INTO PROYECTO (id_proyecto, nombre, descripcion, id_track) VALUES (158, 'Framework para Simulación de Ataques de Phishing v3', 'Descripción detallada del proyecto Framework para Simulación de Ataques de Phishing v3.', 4);
INSERT INTO PROYECTO (id_proyecto, nombre, descripcion, id_track) VALUES (159, 'Sistema de Navegación para Drones de Interior v2', 'Descripción detallada del proyecto Sistema de Navegación para Drones de Interior v2.', 1);
INSERT INTO PROYECTO (id_proyecto, nombre, descripcion, id_track) VALUES (160, 'Herramienta de Análisis de Vulnerabilidades Web v5', 'Descripción detallada del proyecto Herramienta de Análisis de Vulnerabilidades Web v5.', 4);
INSERT INTO PROYECTO (id_proyecto, nombre, descripcion, id_track) VALUES (161, 'Analizador de Malware en Entornos Aislados (Sandbox) v3', 'Descripción detallada del proyecto Analizador de Malware en Entornos Aislados (Sandbox) v3.', 4);
INSERT INTO PROYECTO (id_proyecto, nombre, descripcion, id_track) VALUES (162, 'Robot Seguidor de Línea para Competición v2', 'Descripción detallada del proyecto Robot Seguidor de Línea para Competición v2.', 1);
INSERT INTO PROYECTO (id_proyecto, nombre, descripcion, id_track) VALUES (163, 'Analizador de Malware en Entornos Aislados (Sandbox) v4', 'Descripción detallada del proyecto Analizador de Malware en Entornos Aislados (Sandbox) v4.', 4);
INSERT INTO PROYECTO (id_proyecto, nombre, descripcion, id_track) VALUES (164, 'App de Realidad Aumentada para el Campus v2', 'Descripción detallada del proyecto App de Realidad Aumentada para el Campus v2.', 6);
INSERT INTO PROYECTO (id_proyecto, nombre, descripcion, id_track) VALUES (165, 'Plataforma Web de Intercambio de Habilidades entre Estudiantes v3', 'Descripción detallada del proyecto Plataforma Web de Intercambio de Habilidades entre Estudiantes v3.', 6);
INSERT INTO PROYECTO (id_proyecto, nombre, descripcion, id_track) VALUES (166, 'App de Realidad Aumentada para el Campus v5', 'Descripción detallada del proyecto App de Realidad Aumentada para el Campus v5.', 6);
INSERT INTO PROYECTO (id_proyecto, nombre, descripcion, id_track) VALUES (167, 'Chatbot Asistente para Estudiantes de DUOC v3', 'Descripción detallada del proyecto Chatbot Asistente para Estudiantes de DUOC v3.', 3);
INSERT INTO PROYECTO (id_proyecto, nombre, descripcion, id_track) VALUES (168, 'Robot de Exploración Planetaria a Escala v4', 'Descripción detallada del proyecto Robot de Exploración Planetaria a Escala v4.', 1);
INSERT INTO PROYECTO (id_proyecto, nombre, descripcion, id_track) VALUES (169, 'Brazo Robótico Autónomo con Visión Artificial v2', 'Descripción detallada del proyecto Brazo Robótico Autónomo con Visión Artificial v2.', 1);
INSERT INTO PROYECTO (id_proyecto, nombre, descripcion, id_track) VALUES (170, 'Robot Seguidor de Línea para Competición v1', 'Descripción detallada del proyecto Robot Seguidor de Línea para Competición v1.', 1);
INSERT INTO PROYECTO (id_proyecto, nombre, descripcion, id_track) VALUES (171, 'Marketplace de Proyectos Freelance para la Comunidad DUOC v1', 'Descripción detallada del proyecto Marketplace de Proyectos Freelance para la Comunidad DUOC v1.', 6);
INSERT INTO PROYECTO (id_proyecto, nombre, descripcion, id_track) VALUES (172, 'App de Realidad Aumentada para el Campus v3', 'Descripción detallada del proyecto App de Realidad Aumentada para el Campus v3.', 6);
INSERT INTO PROYECTO (id_proyecto, nombre, descripcion, id_track) VALUES (173, 'Sistema de Detección de Intrusiones basado en Anomalías v2', 'Descripción detallada del proyecto Sistema de Detección de Intrusiones basado en Anomalías v2.', 4);
INSERT INTO PROYECTO (id_proyecto, nombre, descripcion, id_track) VALUES (174, 'Sistema de Navegación para Drones de Interior v4', 'Descripción detallada del proyecto Sistema de Navegación para Drones de Interior v4.', 1);
INSERT INTO PROYECTO (id_proyecto, nombre, descripcion, id_track) VALUES (175, 'Sistema de Navegación para Drones de Interior v5', 'Descripción detallada del proyecto Sistema de Navegación para Drones de Interior v5.', 1);
INSERT INTO PROYECTO (id_proyecto, nombre, descripcion, id_track) VALUES (176, 'Sistema de Recomendación de Contenidos Educativos v5', 'Descripción detallada del proyecto Sistema de Recomendación de Contenidos Educativos v5.', 3);
INSERT INTO PROYECTO (id_proyecto, nombre, descripcion, id_track) VALUES (177, 'Chatbot Asistente para Estudiantes de DUOC v2', 'Descripción detallada del proyecto Chatbot Asistente para Estudiantes de DUOC v2.', 3);
INSERT INTO PROYECTO (id_proyecto, nombre, descripcion, id_track) VALUES (178, 'Sistema de Navegación para Drones de Interior v2', 'Descripción detallada del proyecto Sistema de Navegación para Drones de Interior v2.', 1);
INSERT INTO PROYECTO (id_proyecto, nombre, descripcion, id_track) VALUES (179, 'Visualizador de Estructuras de Datos Complejas v5', 'Descripción detallada del proyecto Visualizador de Estructuras de Datos Complejas v5.', 2);
INSERT INTO PROYECTO (id_proyecto, nombre, descripcion, id_track) VALUES (180, 'Red Neuronal para Clasificación de Imágenes Médicas v4', 'Descripción detallada del proyecto Red Neuronal para Clasificación de Imágenes Médicas v4.', 3);

-- 4. Poblado de la tabla ESTUDIANTE
INSERT INTO ESTUDIANTE (numrun, dv_run, pnombre, snombre, papellido, mapellido, fec_nac, id_genero, id_proyecto) VALUES (18510408, '7', 'Gabriel', 'Gabriel', 'Rojas', 'Araya', TO_DATE('1998-11-17', 'YYYY-MM-DD'), 2, 131);
INSERT INTO ESTUDIANTE (numrun, dv_run, pnombre, snombre, papellido, mapellido, fec_nac, id_genero, id_proyecto) VALUES (18956066, '4', 'Santiago', 'Alonso', 'Pérez', 'González', TO_DATE('1999-09-23', 'YYYY-MM-DD'), 2, 126);
INSERT INTO ESTUDIANTE (numrun, dv_run, pnombre, snombre, papellido, mapellido, fec_nac, id_genero, id_proyecto) VALUES (20885797, '5', 'Bastián', 'Alonso', 'Araya', 'Pérez', TO_DATE('1999-11-29', 'YYYY-MM-DD'), 2, 172);
INSERT INTO ESTUDIANTE (numrun, dv_run, pnombre, snombre, papellido, mapellido, fec_nac, id_genero, id_proyecto) VALUES (20100374, '1', 'Amanda', 'Catalina', 'González', 'Torres', TO_DATE('2005-07-06', 'YYYY-MM-DD'), 1, NULL);
INSERT INTO ESTUDIANTE (numrun, dv_run, pnombre, snombre, papellido, mapellido, fec_nac, id_genero, id_proyecto) VALUES (18241363, '1', 'Maximiliano', 'Liam', 'Rodríguez', 'Muñoz', TO_DATE('1999-02-05', 'YYYY-MM-DD'), 2, 119);
INSERT INTO ESTUDIANTE (numrun, dv_run, pnombre, snombre, papellido, mapellido, fec_nac, id_genero, id_proyecto) VALUES (19673186, '5', 'Isabella', 'Mía', 'Espinoza', 'Rodríguez', TO_DATE('2002-02-20', 'YYYY-MM-DD'), 1, 162);
INSERT INTO ESTUDIANTE (numrun, dv_run, pnombre, snombre, papellido, mapellido, fec_nac, id_genero, id_proyecto) VALUES (21587618, '7', 'Emma', 'Josefa', 'Sepúlveda', 'Soto', TO_DATE('2003-09-19', 'YYYY-MM-DD'), 1, 118);
INSERT INTO ESTUDIANTE (numrun, dv_run, pnombre, snombre, papellido, mapellido, fec_nac, id_genero, id_proyecto) VALUES (20253951, '3', 'Gabriel', 'Gabriel', 'Torres', 'Díaz', TO_DATE('2000-01-10', 'YYYY-MM-DD'), 2, NULL);
INSERT INTO ESTUDIANTE (numrun, dv_run, pnombre, snombre, papellido, mapellido, fec_nac, id_genero, id_proyecto) VALUES (19630935, '7', 'Maximiliano', 'Agustín', 'Contreras', 'González', TO_DATE('1996-09-24', 'YYYY-MM-DD'), 2, 151);
INSERT INTO ESTUDIANTE (numrun, dv_run, pnombre, snombre, papellido, mapellido, fec_nac, id_genero, id_proyecto) VALUES (20292884, '6', 'Antonia', 'Trinidad', 'Rojas', 'López', TO_DATE('1998-03-16', 'YYYY-MM-DD'), 1, 146);
INSERT INTO ESTUDIANTE (numrun, dv_run, pnombre, snombre, papellido, mapellido, fec_nac, id_genero, id_proyecto) VALUES (20988288, '4', 'Agustina', 'Catalina', 'López', 'Sepúlveda', TO_DATE('2001-07-03', 'YYYY-MM-DD'), 1, NULL);
INSERT INTO ESTUDIANTE (numrun, dv_run, pnombre, snombre, papellido, mapellido, fec_nac, id_genero, id_proyecto) VALUES (21638172, '6', 'Facundo', 'Alonso', 'Pérez', 'Pérez', TO_DATE('2007-05-16', 'YYYY-MM-DD'), 2, 170);
INSERT INTO ESTUDIANTE (numrun, dv_run, pnombre, snombre, papellido, mapellido, fec_nac, id_genero, id_proyecto) VALUES (18260471, '2', 'Martín', 'Matías', 'Fuentes', 'Torres', TO_DATE('1997-04-07', 'YYYY-MM-DD'), 2, 101);
INSERT INTO ESTUDIANTE (numrun, dv_run, pnombre, snombre, papellido, mapellido, fec_nac, id_genero, id_proyecto) VALUES (20646778, '9', 'Martín', 'Emiliano', 'Castillo', 'Rodríguez', TO_DATE('2002-07-31', 'YYYY-MM-DD'), 2, 166);
INSERT INTO ESTUDIANTE (numrun, dv_run, pnombre, snombre, papellido, mapellido, fec_nac, id_genero, id_proyecto) VALUES (18129090, '0', 'Facundo', 'Thiago', 'Araya', 'Espinoza', TO_DATE('1998-03-29', 'YYYY-MM-DD'), 2, 117);
INSERT INTO ESTUDIANTE (numrun, dv_run, pnombre, snombre, papellido, mapellido, fec_nac, id_genero, id_proyecto) VALUES (21264321, '1', 'Matías', 'Benjamín', 'Fuentes', 'Morales', TO_DATE('2004-05-21', 'YYYY-MM-DD'), 2, 109);
INSERT INTO ESTUDIANTE (numrun, dv_run, pnombre, snombre, papellido, mapellido, fec_nac, id_genero, id_proyecto) VALUES (21655071, '4', 'Alonso', 'Alonso', 'Soto', 'Soto', TO_DATE('2005-02-28', 'YYYY-MM-DD'), 2, 158);
INSERT INTO ESTUDIANTE (numrun, dv_run, pnombre, snombre, papellido, mapellido, fec_nac, id_genero, id_proyecto) VALUES (21145618, '3', 'Bastián', 'Thiago', 'González', 'Araya', TO_DATE('2002-01-24', 'YYYY-MM-DD'), 2, 149);
INSERT INTO ESTUDIANTE (numrun, dv_run, pnombre, snombre, papellido, mapellido, fec_nac, id_genero, id_proyecto) VALUES (18504829, '2', 'Mía', 'Emma', 'Díaz', 'Araya', TO_DATE('2005-04-04', 'YYYY-MM-DD'), 1, 134);
INSERT INTO ESTUDIANTE (numrun, dv_run, pnombre, snombre, papellido, mapellido, fec_nac, id_genero, id_proyecto) VALUES (18857002, 'K', 'Gaspar', 'Alonso', 'Sepúlveda', 'Silva', TO_DATE('1998-03-18', 'YYYY-MM-DD'), 2, 115);
INSERT INTO ESTUDIANTE (numrun, dv_run, pnombre, snombre, papellido, mapellido, fec_nac, id_genero, id_proyecto) VALUES (18605923, '9', 'Alonso', 'Maximiliano', 'Araya', 'Rodríguez', TO_DATE('2000-01-16', 'YYYY-MM-DD'), 2, 168);
INSERT INTO ESTUDIANTE (numrun, dv_run, pnombre, snombre, papellido, mapellido, fec_nac, id_genero, id_proyecto) VALUES (19339946, '0', 'Agustín', 'Bruno', 'Fuentes', 'Castillo', TO_DATE('1997-04-07', 'YYYY-MM-DD'), 2, NULL);
INSERT INTO ESTUDIANTE (numrun, dv_run, pnombre, snombre, papellido, mapellido, fec_nac, id_genero, id_proyecto) VALUES (20140673, '0', 'Tomás', 'Joaquín', 'Muñoz', 'Soto', TO_DATE('2000-08-08', 'YYYY-MM-DD'), 2, 150);
INSERT INTO ESTUDIANTE (numrun, dv_run, pnombre, snombre, papellido, mapellido, fec_nac, id_genero, id_proyecto) VALUES (19847659, '5', 'Martín', 'Maximiliano', 'Flores', 'Morales', TO_DATE('1997-08-09', 'YYYY-MM-DD'), 2, NULL);
INSERT INTO ESTUDIANTE (numrun, dv_run, pnombre, snombre, papellido, mapellido, fec_nac, id_genero, id_proyecto) VALUES (21784359, '6', 'Joaquín', 'Tomás', 'Muñoz', 'Espinoza', TO_DATE('2004-07-29', 'YYYY-MM-DD'), 2, 120);
INSERT INTO ESTUDIANTE (numrun, dv_run, pnombre, snombre, papellido, mapellido, fec_nac, id_genero, id_proyecto) VALUES (21112862, '3', 'Isidora', 'Florencia', 'Valenzuela', 'Flores', TO_DATE('2001-02-04', 'YYYY-MM-DD'), 1, NULL);
INSERT INTO ESTUDIANTE (numrun, dv_run, pnombre, snombre, papellido, mapellido, fec_nac, id_genero, id_proyecto) VALUES (19894352, '5', 'Liam', 'Agustín', 'Contreras', 'Araya', TO_DATE('2007-08-07', 'YYYY-MM-DD'), 2, 145);
INSERT INTO ESTUDIANTE (numrun, dv_run, pnombre, snombre, papellido, mapellido, fec_nac, id_genero, id_proyecto) VALUES (20155723, '2', 'Santiago', 'Matías', 'Castillo', 'Díaz', TO_DATE('2003-06-21', 'YYYY-MM-DD'), 2, 160);
INSERT INTO ESTUDIANTE (numrun, dv_run, pnombre, snombre, papellido, mapellido, fec_nac, id_genero, id_proyecto) VALUES (20918653, '5', 'Mía', 'Antonia', 'López', 'Torres', TO_DATE('2003-07-28', 'YYYY-MM-DD'), 1, NULL);
INSERT INTO ESTUDIANTE (numrun, dv_run, pnombre, snombre, papellido, mapellido, fec_nac, id_genero, id_proyecto) VALUES (19063883, '9', 'Santiago', 'Bruno', 'Fuentes', 'Rojas', TO_DATE('2000-01-12', 'YYYY-MM-DD'), 2, 161);
INSERT INTO ESTUDIANTE (numrun, dv_run, pnombre, snombre, papellido, mapellido, fec_nac, id_genero, id_proyecto) VALUES (18714675, '5', 'Alonso', 'Matías', 'Fuentes', 'Espinoza', TO_DATE('2005-06-11', 'YYYY-MM-DD'), 2, 176);
INSERT INTO ESTUDIANTE (numrun, dv_run, pnombre, snombre, papellido, mapellido, fec_nac, id_genero, id_proyecto) VALUES (20675671, '3', 'Martín', 'Martín', 'López', 'Espinoza', TO_DATE('1999-09-23', 'YYYY-MM-DD'), 2, 141);
INSERT INTO ESTUDIANTE (numrun, dv_run, pnombre, snombre, papellido, mapellido, fec_nac, id_genero, id_proyecto) VALUES (20412076, '5', 'Joaquín', 'Alonso', 'Castillo', 'Araya', TO_DATE('2000-08-17', 'YYYY-MM-DD'), 2, NULL);
INSERT INTO ESTUDIANTE (numrun, dv_run, pnombre, snombre, papellido, mapellido, fec_nac, id_genero, id_proyecto) VALUES (19276783, '0', 'Antonia', 'Renata', 'Morales', 'Contreras', TO_DATE('2007-06-21', 'YYYY-MM-DD'), 1, 123);
INSERT INTO ESTUDIANTE (numrun, dv_run, pnombre, snombre, papellido, mapellido, fec_nac, id_genero, id_proyecto) VALUES (21514326, '0', 'Matías', 'Matías', 'Soto', 'Valenzuela', TO_DATE('1997-01-23', 'YYYY-MM-DD'), 2, NULL);
INSERT INTO ESTUDIANTE (numrun, dv_run, pnombre, snombre, papellido, mapellido, fec_nac, id_genero, id_proyecto) VALUES (21506635, '5', 'Alonso', 'Alonso', 'Flores', 'Rojas', TO_DATE('1998-07-08', 'YYYY-MM-DD'), 2, 169);
INSERT INTO ESTUDIANTE (numrun, dv_run, pnombre, snombre, papellido, mapellido, fec_nac, id_genero, id_proyecto) VALUES (20397296, '2', 'Mateo', 'Alonso', 'Rojas', 'Sepúlveda', TO_DATE('1999-11-16', 'YYYY-MM-DD'), 2, 129);
INSERT INTO ESTUDIANTE (numrun, dv_run, pnombre, snombre, papellido, mapellido, fec_nac, id_genero, id_proyecto) VALUES (18660268, '4', 'Vicente', 'Facundo', 'Martínez', 'Rojas', TO_DATE('2002-03-20', 'YYYY-MM-DD'), 2, 140);
INSERT INTO ESTUDIANTE (numrun, dv_run, pnombre, snombre, papellido, mapellido, fec_nac, id_genero, id_proyecto) VALUES (18235853, '3', 'Gabriel', 'Gaspar', 'Martínez', 'Araya', TO_DATE('1998-02-02', 'YYYY-MM-DD'), 2, NULL);
INSERT INTO ESTUDIANTE (numrun, dv_run, pnombre, snombre, papellido, mapellido, fec_nac, id_genero, id_proyecto) VALUES (19936720, 'K', 'Gaspar', 'Lucas', 'Díaz', 'Soto', TO_DATE('2000-12-16', 'YYYY-MM-DD'), 2, NULL);
INSERT INTO ESTUDIANTE (numrun, dv_run, pnombre, snombre, papellido, mapellido, fec_nac, id_genero, id_proyecto) VALUES (19246637, '7', 'Bastián', 'Joaquín', 'Araya', 'Sepúlveda', TO_DATE('1996-01-16', 'YYYY-MM-DD'), 2, NULL);
INSERT INTO ESTUDIANTE (numrun, dv_run, pnombre, snombre, papellido, mapellido, fec_nac, id_genero, id_proyecto) VALUES (21372131, '3', 'Tomás', 'Emiliano', 'Flores', 'González', TO_DATE('1996-10-15', 'YYYY-MM-DD'), 2, 177);
INSERT INTO ESTUDIANTE (numrun, dv_run, pnombre, snombre, papellido, mapellido, fec_nac, id_genero, id_proyecto) VALUES (21155441, 'K', 'Santiago', 'Lucas', 'Rodríguez', 'Fuentes', TO_DATE('1996-01-31', 'YYYY-MM-DD'), 2, NULL);
INSERT INTO ESTUDIANTE (numrun, dv_run, pnombre, snombre, papellido, mapellido, fec_nac, id_genero, id_proyecto) VALUES (20502258, '9', 'Isidora', 'Isidora', 'Sepúlveda', 'Martínez', TO_DATE('1997-08-08', 'YYYY-MM-DD'), 1, 106);
INSERT INTO ESTUDIANTE (numrun, dv_run, pnombre, snombre, papellido, mapellido, fec_nac, id_genero, id_proyecto) VALUES (21469533, '2', 'Agustín', 'Thiago', 'López', 'Torres', TO_DATE('1997-09-29', 'YYYY-MM-DD'), 2, NULL);
INSERT INTO ESTUDIANTE (numrun, dv_run, pnombre, snombre, papellido, mapellido, fec_nac, id_genero, id_proyecto) VALUES (20124152, '9', 'Vicente', 'Thiago', 'Pérez', 'González', TO_DATE('2007-07-20', 'YYYY-MM-DD'), 2, 175);
INSERT INTO ESTUDIANTE (numrun, dv_run, pnombre, snombre, papellido, mapellido, fec_nac, id_genero, id_proyecto) VALUES (21040218, '7', 'Bruno', 'Maximiliano', 'Morales', 'Muñoz', TO_DATE('1998-08-21', 'YYYY-MM-DD'), 2, 156);
INSERT INTO ESTUDIANTE (numrun, dv_run, pnombre, snombre, papellido, mapellido, fec_nac, id_genero, id_proyecto) VALUES (19995379, '6', 'Facundo', 'Benjamín', 'Díaz', 'Soto', TO_DATE('1997-11-21', 'YYYY-MM-DD'), 2, 135);
INSERT INTO ESTUDIANTE (numrun, dv_run, pnombre, snombre, papellido, mapellido, fec_nac, id_genero, id_proyecto) VALUES (19986728, '8', 'Trinidad', 'Emma', 'Pérez', 'Valenzuela', TO_DATE('2003-05-14', 'YYYY-MM-DD'), 1, 154);
INSERT INTO ESTUDIANTE (numrun, dv_run, pnombre, snombre, papellido, mapellido, fec_nac, id_genero, id_proyecto) VALUES (18914226, '9', 'Benjamín', 'Gaspar', 'López', 'Morales', TO_DATE('1998-03-26', 'YYYY-MM-DD'), 2, NULL);
INSERT INTO ESTUDIANTE (numrun, dv_run, pnombre, snombre, papellido, mapellido, fec_nac, id_genero, id_proyecto) VALUES (21807236, '4', 'Maximiliano', 'Maximiliano', 'Díaz', 'López', TO_DATE('1997-10-14', 'YYYY-MM-DD'), 2, 116);
INSERT INTO ESTUDIANTE (numrun, dv_run, pnombre, snombre, papellido, mapellido, fec_nac, id_genero, id_proyecto) VALUES (20525636, '9', 'Alonso', 'Facundo', 'Castillo', 'Castillo', TO_DATE('2004-08-05', 'YYYY-MM-DD'), 2, NULL);
INSERT INTO ESTUDIANTE (numrun, dv_run, pnombre, snombre, papellido, mapellido, fec_nac, id_genero, id_proyecto) VALUES (19423331, '0', 'Lucas', 'Tomás', 'Espinoza', 'Araya', TO_DATE('2001-09-28', 'YYYY-MM-DD'), 2, 130);
INSERT INTO ESTUDIANTE (numrun, dv_run, pnombre, snombre, papellido, mapellido, fec_nac, id_genero, id_proyecto) VALUES (20255569, '1', 'Liam', 'Benjamín', 'Araya', 'Castillo', TO_DATE('2004-03-13', 'YYYY-MM-DD'), 2, NULL);
INSERT INTO ESTUDIANTE (numrun, dv_run, pnombre, snombre, papellido, mapellido, fec_nac, id_genero, id_proyecto) VALUES (21704225, '9', 'Amanda', 'Emilia', 'González', 'Silva', TO_DATE('2004-07-14', 'YYYY-MM-DD'), 1, NULL);
INSERT INTO ESTUDIANTE (numrun, dv_run, pnombre, snombre, papellido, mapellido, fec_nac, id_genero, id_proyecto) VALUES (19563263, '4', 'Mateo', 'Bastián', 'Rojas', 'Sepúlveda', TO_DATE('2000-04-13', 'YYYY-MM-DD'), 2, 180);
INSERT INTO ESTUDIANTE (numrun, dv_run, pnombre, snombre, papellido, mapellido, fec_nac, id_genero, id_proyecto) VALUES (21758196, '6', 'Maximiliano', 'Gabriel', 'Valenzuela', 'Flores', TO_DATE('2004-08-16', 'YYYY-MM-DD'), 2, 163);
INSERT INTO ESTUDIANTE (numrun, dv_run, pnombre, snombre, papellido, mapellido, fec_nac, id_genero, id_proyecto) VALUES (21731855, '6', 'Emiliano', 'Vicente', 'González', 'González', TO_DATE('2004-10-08', 'YYYY-MM-DD'), 2, 164);
INSERT INTO ESTUDIANTE (numrun, dv_run, pnombre, snombre, papellido, mapellido, fec_nac, id_genero, id_proyecto) VALUES (21163003, '5', 'Alonso', 'Gaspar', 'Rojas', 'Fuentes', TO_DATE('1998-05-07', 'YYYY-MM-DD'), 2, 148);
INSERT INTO ESTUDIANTE (numrun, dv_run, pnombre, snombre, papellido, mapellido, fec_nac, id_genero, id_proyecto) VALUES (19532544, '8', 'Renata', 'Amanda', 'Contreras', 'González', TO_DATE('1999-11-21', 'YYYY-MM-DD'), 1, 128);
INSERT INTO ESTUDIANTE (numrun, dv_run, pnombre, snombre, papellido, mapellido, fec_nac, id_genero, id_proyecto) VALUES (19993526, '7', 'Mateo', 'Bruno', 'Rodríguez', 'Flores', TO_DATE('2005-07-24', 'YYYY-MM-DD'), 2, NULL);
INSERT INTO ESTUDIANTE (numrun, dv_run, pnombre, snombre, papellido, mapellido, fec_nac, id_genero, id_proyecto) VALUES (19509246, 'K', 'Maite', 'Julieta', 'López', 'Silva', TO_DATE('1997-07-09', 'YYYY-MM-DD'), 1, 159);
INSERT INTO ESTUDIANTE (numrun, dv_run, pnombre, snombre, papellido, mapellido, fec_nac, id_genero, id_proyecto) VALUES (21154723, '5', 'Gabriel', 'Emiliano', 'Torres', 'Espinoza', TO_DATE('1997-10-30', 'YYYY-MM-DD'), 2, 113);
INSERT INTO ESTUDIANTE (numrun, dv_run, pnombre, snombre, papellido, mapellido, fec_nac, id_genero, id_proyecto) VALUES (21382768, '5', 'Facundo', 'Martín', 'Sepúlveda', 'Rojas', TO_DATE('1997-11-03', 'YYYY-MM-DD'), 2, 125);
INSERT INTO ESTUDIANTE (numrun, dv_run, pnombre, snombre, papellido, mapellido, fec_nac, id_genero, id_proyecto) VALUES (18207245, '1', 'Emiliano', 'Alonso', 'Sepúlveda', 'Rojas', TO_DATE('2000-02-23', 'YYYY-MM-DD'), 2, NULL);
INSERT INTO ESTUDIANTE (numrun, dv_run, pnombre, snombre, papellido, mapellido, fec_nac, id_genero, id_proyecto) VALUES (21011174, '3', 'Facundo', 'Bruno', 'López', 'González', TO_DATE('2007-07-05', 'YYYY-MM-DD'), 2, NULL);
INSERT INTO ESTUDIANTE (numrun, dv_run, pnombre, snombre, papellido, mapellido, fec_nac, id_genero, id_proyecto) VALUES (20787855, '3', 'Thiago', 'Benjamín', 'Silva', 'Contreras', TO_DATE('1996-12-04', 'YYYY-MM-DD'), 2, 102);
INSERT INTO ESTUDIANTE (numrun, dv_run, pnombre, snombre, papellido, mapellido, fec_nac, id_genero, id_proyecto) VALUES (21077041, '0', 'Martín', 'Liam', 'Rojas', 'Martínez', TO_DATE('1997-05-31', 'YYYY-MM-DD'), 2, 153);
INSERT INTO ESTUDIANTE (numrun, dv_run, pnombre, snombre, papellido, mapellido, fec_nac, id_genero, id_proyecto) VALUES (21704497, '9', 'Vicente', 'Liam', 'Pérez', 'Araya', TO_DATE('2007-04-24', 'YYYY-MM-DD'), 2, NULL);
INSERT INTO ESTUDIANTE (numrun, dv_run, pnombre, snombre, papellido, mapellido, fec_nac, id_genero, id_proyecto) VALUES (19167978, '4', 'Agustín', 'Santiago', 'Silva', 'Rodríguez', TO_DATE('2002-08-08', 'YYYY-MM-DD'), 2, 155);
INSERT INTO ESTUDIANTE (numrun, dv_run, pnombre, snombre, papellido, mapellido, fec_nac, id_genero, id_proyecto) VALUES (20951120, '7', 'Gaspar', 'Agustín', 'Martínez', 'López', TO_DATE('2002-07-07', 'YYYY-MM-DD'), 2, NULL);
INSERT INTO ESTUDIANTE (numrun, dv_run, pnombre, snombre, papellido, mapellido, fec_nac, id_genero, id_proyecto) VALUES (20084222, '7', 'Trinidad', 'Martina', 'González', 'González', TO_DATE('2000-10-07', 'YYYY-MM-DD'), 1, NULL);
INSERT INTO ESTUDIANTE (numrun, dv_run, pnombre, snombre, papellido, mapellido, fec_nac, id_genero, id_proyecto) VALUES (21511668, '9', 'Alonso', 'Maximiliano', 'Díaz', 'López', TO_DATE('1996-12-02', 'YYYY-MM-DD'), 2, 174);
INSERT INTO ESTUDIANTE (numrun, dv_run, pnombre, snombre, papellido, mapellido, fec_nac, id_genero, id_proyecto) VALUES (18742253, '1', 'Tomás', 'Joaquín', 'Rojas', 'Muñoz', TO_DATE('2003-09-22', 'YYYY-MM-DD'), 2, 147);
INSERT INTO ESTUDIANTE (numrun, dv_run, pnombre, snombre, papellido, mapellido, fec_nac, id_genero, id_proyecto) VALUES (18605024, 'K', 'Gaspar', 'Emiliano', 'Morales', 'Morales', TO_DATE('1996-08-06', 'YYYY-MM-DD'), 2, 178);
INSERT INTO ESTUDIANTE (numrun, dv_run, pnombre, snombre, papellido, mapellido, fec_nac, id_genero, id_proyecto) VALUES (21548479, '3', 'Vicente', 'Bruno', 'Fuentes', 'Torres', TO_DATE('1999-06-30', 'YYYY-MM-DD'), 2, 152);
INSERT INTO ESTUDIANTE (numrun, dv_run, pnombre, snombre, papellido, mapellido, fec_nac, id_genero, id_proyecto) VALUES (20462002, '4', 'Gabriel', 'Gabriel', 'Torres', 'Araya', TO_DATE('2003-02-20', 'YYYY-MM-DD'), 2, 107);
INSERT INTO ESTUDIANTE (numrun, dv_run, pnombre, snombre, papellido, mapellido, fec_nac, id_genero, id_proyecto) VALUES (20397426, '4', 'Facundo', 'Joaquín', 'Pérez', 'Contreras', TO_DATE('2001-01-20', 'YYYY-MM-DD'), 2, NULL);
INSERT INTO ESTUDIANTE (numrun, dv_run, pnombre, snombre, papellido, mapellido, fec_nac, id_genero, id_proyecto) VALUES (19817178, '6', 'Martín', 'Gaspar', 'Espinoza', 'Torres', TO_DATE('2000-05-01', 'YYYY-MM-DD'), 2, 124);
INSERT INTO ESTUDIANTE (numrun, dv_run, pnombre, snombre, papellido, mapellido, fec_nac, id_genero, id_proyecto) VALUES (20764496, 'K', 'Thiago', 'Bastián', 'Rodríguez', 'Muñoz', TO_DATE('2004-09-19', 'YYYY-MM-DD'), 2, 157);
INSERT INTO ESTUDIANTE (numrun, dv_run, pnombre, snombre, papellido, mapellido, fec_nac, id_genero, id_proyecto) VALUES (18912542, '9', 'Bruno', 'Gaspar', 'Flores', 'Morales', TO_DATE('1995-12-28', 'YYYY-MM-DD'), 2, NULL);
INSERT INTO ESTUDIANTE (numrun, dv_run, pnombre, snombre, papellido, mapellido, fec_nac, id_genero, id_proyecto) VALUES (20150893, '2', 'Renata', 'Amanda', 'Pérez', 'González', TO_DATE('1999-11-17', 'YYYY-MM-DD'), 1, NULL);
INSERT INTO ESTUDIANTE (numrun, dv_run, pnombre, snombre, papellido, mapellido, fec_nac, id_genero, id_proyecto) VALUES (19983747, '8', 'Benjamín', 'Santiago', 'Muñoz', 'González', TO_DATE('1996-04-28', 'YYYY-MM-DD'), 2, NULL);
INSERT INTO ESTUDIANTE (numrun, dv_run, pnombre, snombre, papellido, mapellido, fec_nac, id_genero, id_proyecto) VALUES (20184585, '8', 'Santiago', 'Bastián', 'López', 'Rodríguez', TO_DATE('2002-06-06', 'YYYY-MM-DD'), 2, 165);
INSERT INTO ESTUDIANTE (numrun, dv_run, pnombre, snombre, papellido, mapellido, fec_nac, id_genero, id_proyecto) VALUES (18005697, '1', 'Santiago', 'Emiliano', 'Silva', 'Pérez', TO_DATE('2006-11-25', 'YYYY-MM-DD'), 2, 103);
INSERT INTO ESTUDIANTE (numrun, dv_run, pnombre, snombre, papellido, mapellido, fec_nac, id_genero, id_proyecto) VALUES (21303872, '9', 'Bruno', 'Bruno', 'González', 'Morales', TO_DATE('2002-02-27', 'YYYY-MM-DD'), 2, 139);
INSERT INTO ESTUDIANTE (numrun, dv_run, pnombre, snombre, papellido, mapellido, fec_nac, id_genero, id_proyecto) VALUES (18672784, '3', 'Agustín', 'Lucas', 'Rodríguez', 'Martínez', TO_DATE('2005-09-23', 'YYYY-MM-DD'), 2, 167);
INSERT INTO ESTUDIANTE (numrun, dv_run, pnombre, snombre, papellido, mapellido, fec_nac, id_genero, id_proyecto) VALUES (18397616, '8', 'Martín', 'Bruno', 'Sepúlveda', 'Soto', TO_DATE('2004-03-18', 'YYYY-MM-DD'), 2, 138);
INSERT INTO ESTUDIANTE (numrun, dv_run, pnombre, snombre, papellido, mapellido, fec_nac, id_genero, id_proyecto) VALUES (21182910, '9', 'Mía', 'Florencia', 'Espinoza', 'Espinoza', TO_DATE('2002-12-06', 'YYYY-MM-DD'), 1, 121);
INSERT INTO ESTUDIANTE (numrun, dv_run, pnombre, snombre, papellido, mapellido, fec_nac, id_genero, id_proyecto) VALUES (20823358, '0', 'Alonso', 'Liam', 'Flores', 'López', TO_DATE('2001-08-04', 'YYYY-MM-DD'), 2, 112);
INSERT INTO ESTUDIANTE (numrun, dv_run, pnombre, snombre, papellido, mapellido, fec_nac, id_genero, id_proyecto) VALUES (21424578, '7', 'Joaquín', 'Thiago', 'Valenzuela', 'Sepúlveda', TO_DATE('1999-02-04', 'YYYY-MM-DD'), 2, NULL);
INSERT INTO ESTUDIANTE (numrun, dv_run, pnombre, snombre, papellido, mapellido, fec_nac, id_genero, id_proyecto) VALUES (18019813, 'K', 'Bastián', 'Mateo', 'Valenzuela', 'López', TO_DATE('2000-03-22', 'YYYY-MM-DD'), 2, 105);
INSERT INTO ESTUDIANTE (numrun, dv_run, pnombre, snombre, papellido, mapellido, fec_nac, id_genero, id_proyecto) VALUES (21523897, '0', 'Gaspar', 'Alonso', 'Rojas', 'Muñoz', TO_DATE('1999-07-15', 'YYYY-MM-DD'), 2, 133);
INSERT INTO ESTUDIANTE (numrun, dv_run, pnombre, snombre, papellido, mapellido, fec_nac, id_genero, id_proyecto) VALUES (19594807, '0', 'Bastián', 'Lucas', 'Rodríguez', 'Silva', TO_DATE('2004-10-13', 'YYYY-MM-DD'), 2, 111);
INSERT INTO ESTUDIANTE (numrun, dv_run, pnombre, snombre, papellido, mapellido, fec_nac, id_genero, id_proyecto) VALUES (21672100, '4', 'Alonso', 'Lucas', 'Silva', 'Torres', TO_DATE('2006-11-13', 'YYYY-MM-DD'), 2, 127);
INSERT INTO ESTUDIANTE (numrun, dv_run, pnombre, snombre, papellido, mapellido, fec_nac, id_genero, id_proyecto) VALUES (18516456, 'K', 'Alonso', 'Bruno', 'Rodríguez', 'Rojas', TO_DATE('2001-06-19', 'YYYY-MM-DD'), 2, 143);
INSERT INTO ESTUDIANTE (numrun, dv_run, pnombre, snombre, papellido, mapellido, fec_nac, id_genero, id_proyecto) VALUES (20937530, '3', 'Bastián', 'Thiago', 'Flores', 'Rodríguez', TO_DATE('2006-12-03', 'YYYY-MM-DD'), 2, 104);
INSERT INTO ESTUDIANTE (numrun, dv_run, pnombre, snombre, papellido, mapellido, fec_nac, id_genero, id_proyecto) VALUES (21196476, '6', 'Martina', 'Renata', 'Rojas', 'Sepúlveda', TO_DATE('2006-03-16', 'YYYY-MM-DD'), 1, 137);
INSERT INTO ESTUDIANTE (numrun, dv_run, pnombre, snombre, papellido, mapellido, fec_nac, id_genero, id_proyecto) VALUES (18242741, '1', 'Mía', 'Agustina', 'Espinoza', 'Díaz', TO_DATE('1999-12-08', 'YYYY-MM-DD'), 1, 132);
INSERT INTO ESTUDIANTE (numrun, dv_run, pnombre, snombre, papellido, mapellido, fec_nac, id_genero, id_proyecto) VALUES (20472688, '4', 'Bastián', 'Martín', 'Araya', 'Espinoza', TO_DATE('2004-09-26', 'YYYY-MM-DD'), 2, 144);
INSERT INTO ESTUDIANTE (numrun, dv_run, pnombre, snombre, papellido, mapellido, fec_nac, id_genero, id_proyecto) VALUES (19505013, '9', 'Alonso', 'Alonso', 'López', 'Contreras', TO_DATE('2000-03-16', 'YYYY-MM-DD'), 2, 179);
INSERT INTO ESTUDIANTE (numrun, dv_run, pnombre, snombre, papellido, mapellido, fec_nac, id_genero, id_proyecto) VALUES (18817554, '6', 'Santiago', 'Matías', 'Castillo', 'González', TO_DATE('2006-09-18', 'YYYY-MM-DD'), 2, 171);
INSERT INTO ESTUDIANTE (numrun, dv_run, pnombre, snombre, papellido, mapellido, fec_nac, id_genero, id_proyecto) VALUES (18417203, '8', 'Martín', 'Thiago', 'Muñoz', 'Silva', TO_DATE('1999-01-26', 'YYYY-MM-DD'), 2, 114);
INSERT INTO ESTUDIANTE (numrun, dv_run, pnombre, snombre, papellido, mapellido, fec_nac, id_genero, id_proyecto) VALUES (21004072, '2', 'Catalina', 'Florencia', 'Rodríguez', 'Araya', TO_DATE('2004-01-29', 'YYYY-MM-DD'), 1, 108);
INSERT INTO ESTUDIANTE (numrun, dv_run, pnombre, snombre, papellido, mapellido, fec_nac, id_genero, id_proyecto) VALUES (20833213, '9', 'Gabriel', 'Mateo', 'Morales', 'Muñoz', TO_DATE('2006-07-01', 'YYYY-MM-DD'), 2, NULL);
INSERT INTO ESTUDIANTE (numrun, dv_run, pnombre, snombre, papellido, mapellido, fec_nac, id_genero, id_proyecto) VALUES (20064887, '0', 'Agustina', 'Catalina', 'Silva', 'Espinoza', TO_DATE('2004-05-14', 'YYYY-MM-DD'), 1, 110);
INSERT INTO ESTUDIANTE (numrun, dv_run, pnombre, snombre, papellido, mapellido, fec_nac, id_genero, id_proyecto) VALUES (19566795, '0', 'Bastián', 'Gaspar', 'Fuentes', 'Rojas', TO_DATE('2006-11-15', 'YYYY-MM-DD'), 2, NULL);
INSERT INTO ESTUDIANTE (numrun, dv_run, pnombre, snombre, papellido, mapellido, fec_nac, id_genero, id_proyecto) VALUES (18387716, 'K', 'Santiago', 'Liam', 'Torres', 'Araya', TO_DATE('2000-10-03', 'YYYY-MM-DD'), 2, NULL);
INSERT INTO ESTUDIANTE (numrun, dv_run, pnombre, snombre, papellido, mapellido, fec_nac, id_genero, id_proyecto) VALUES (19010770, '1', 'Agustín', 'Thiago', 'Díaz', 'Muñoz', TO_DATE('2002-06-14', 'YYYY-MM-DD'), 2, 142);
INSERT INTO ESTUDIANTE (numrun, dv_run, pnombre, snombre, papellido, mapellido, fec_nac, id_genero, id_proyecto) VALUES (18225773, '7', 'Josefa', 'Florencia', 'Araya', 'González', TO_DATE('2006-07-27', 'YYYY-MM-DD'), 1, 136);
INSERT INTO ESTUDIANTE (numrun, dv_run, pnombre, snombre, papellido, mapellido, fec_nac, id_genero, id_proyecto) VALUES (21254456, '6', 'Julieta', 'Maite', 'Valenzuela', 'López', TO_DATE('2007-02-24', 'YYYY-MM-DD'), 1, 173);
INSERT INTO ESTUDIANTE (numrun, dv_run, pnombre, snombre, papellido, mapellido, fec_nac, id_genero, id_proyecto) VALUES (18282568, '9', 'Amanda', 'Emilia', 'González', 'Araya', TO_DATE('1997-08-05', 'YYYY-MM-DD'), 1, NULL);
INSERT INTO ESTUDIANTE (numrun, dv_run, pnombre, snombre, papellido, mapellido, fec_nac, id_genero, id_proyecto) VALUES (20036623, '9', 'Trinidad', 'Emilia', 'Sepúlveda', 'González', TO_DATE('1996-06-12', 'YYYY-MM-DD'), 1, NULL);
INSERT INTO ESTUDIANTE (numrun, dv_run, pnombre, snombre, papellido, mapellido, fec_nac, id_genero, id_proyecto) VALUES (19943844, '1', 'Emiliano', 'Tomás', 'Soto', 'Araya', TO_DATE('1997-11-18', 'YYYY-MM-DD'), 2, NULL);
INSERT INTO ESTUDIANTE (numrun, dv_run, pnombre, snombre, papellido, mapellido, fec_nac, id_genero, id_proyecto) VALUES (19410945, '8', 'Maximiliano', 'Gaspar', 'Fuentes', 'Martínez', TO_DATE('2005-11-10', 'YYYY-MM-DD'), 2, 122);
INSERT INTO ESTUDIANTE (numrun, dv_run, pnombre, snombre, papellido, mapellido, fec_nac, id_genero, id_proyecto) VALUES (19200609, '0', 'Maximiliano', 'Alonso', 'Díaz', 'Muñoz', TO_DATE('2005-03-19', 'YYYY-MM-DD'), 2, NULL);
INSERT INTO ESTUDIANTE (numrun, dv_run, pnombre, snombre, papellido, mapellido, fec_nac, id_genero, id_proyecto) VALUES (18117495, '1', 'Agustina', 'Trinidad', 'Flores', 'Torres', TO_DATE('2002-01-29', 'YYYY-MM-DD'), 1, NULL);
INSERT INTO ESTUDIANTE (numrun, dv_run, pnombre, snombre, papellido, mapellido, fec_nac, id_genero, id_proyecto) VALUES (21008006, '6', 'Agustín', 'Joaquín', 'Rojas', 'Flores', TO_DATE('2004-06-02', 'YYYY-MM-DD'), 2, NULL);
INSERT INTO ESTUDIANTE (numrun, dv_run, pnombre, snombre, papellido, mapellido, fec_nac, id_genero, id_proyecto) VALUES (18321554, 'K', 'Martina', 'Agustina', 'Sepúlveda', 'Contreras', TO_DATE('1999-12-06', 'YYYY-MM-DD'), 1, NULL);
INSERT INTO ESTUDIANTE (numrun, dv_run, pnombre, snombre, papellido, mapellido, fec_nac, id_genero, id_proyecto) VALUES (18029653, '0', 'Facundo', 'Santiago', 'Díaz', 'Flores', TO_DATE('2004-05-15', 'YYYY-MM-DD'), 2, NULL);
INSERT INTO ESTUDIANTE (numrun, dv_run, pnombre, snombre, papellido, mapellido, fec_nac, id_genero, id_proyecto) VALUES (20992518, '4', 'Alonso', 'Joaquín', 'Castillo', 'González', TO_DATE('2004-10-09', 'YYYY-MM-DD'), 2, NULL);
INSERT INTO ESTUDIANTE (numrun, dv_run, pnombre, snombre, papellido, mapellido, fec_nac, id_genero, id_proyecto) VALUES (20330105, '7', 'Agustín', 'Matías', 'Espinoza', 'Silva', TO_DATE('1999-12-11', 'YYYY-MM-DD'), 2, NULL);
INSERT INTO ESTUDIANTE (numrun, dv_run, pnombre, snombre, papellido, mapellido, fec_nac, id_genero, id_proyecto) VALUES (19534223, '7', 'Santiago', 'Benjamín', 'Rodríguez', 'Fuentes', TO_DATE('2004-11-09', 'YYYY-MM-DD'), 2, NULL);
INSERT INTO ESTUDIANTE (numrun, dv_run, pnombre, snombre, papellido, mapellido, fec_nac, id_genero, id_proyecto) VALUES (21215315, 'K', 'Martín', 'Martín', 'Contreras', 'Pérez', TO_DATE('2002-11-25', 'YYYY-MM-DD'), 2, NULL);
INSERT INTO ESTUDIANTE (numrun, dv_run, pnombre, snombre, papellido, mapellido, fec_nac, id_genero, id_proyecto) VALUES (21079557, 'K', 'Vicente', 'Alonso', 'Fuentes', 'Rojas', TO_DATE('2003-12-19', 'YYYY-MM-DD'), 2, NULL);
INSERT INTO ESTUDIANTE (numrun, dv_run, pnombre, snombre, papellido, mapellido, fec_nac, id_genero, id_proyecto) VALUES (18978450, '3', 'Thiago', 'Bastián', 'Pérez', 'Valenzuela', TO_DATE('2000-04-05', 'YYYY-MM-DD'), 2, NULL);
INSERT INTO ESTUDIANTE (numrun, dv_run, pnombre, snombre, papellido, mapellido, fec_nac, id_genero, id_proyecto) VALUES (18679381, '1', 'Lucas', 'Gabriel', 'Morales', 'López', TO_DATE('2002-11-08', 'YYYY-MM-DD'), 2, NULL);
INSERT INTO ESTUDIANTE (numrun, dv_run, pnombre, snombre, papellido, mapellido, fec_nac, id_genero, id_proyecto) VALUES (20527820, '6', 'Antonia', 'Isabella', 'Morales', 'Díaz', TO_DATE('1996-11-04', 'YYYY-MM-DD'), 1, NULL);
INSERT INTO ESTUDIANTE (numrun, dv_run, pnombre, snombre, papellido, mapellido, fec_nac, id_genero, id_proyecto) VALUES (18863681, '0', 'Lucas', 'Gaspar', 'Torres', 'Flores', TO_DATE('1999-03-30', 'YYYY-MM-DD'), 2, NULL);
INSERT INTO ESTUDIANTE (numrun, dv_run, pnombre, snombre, papellido, mapellido, fec_nac, id_genero, id_proyecto) VALUES (18508528, '7', 'Thiago', 'Santiago', 'Torres', 'Castillo', TO_DATE('2003-01-29', 'YYYY-MM-DD'), 2, NULL);
INSERT INTO ESTUDIANTE (numrun, dv_run, pnombre, snombre, papellido, mapellido, fec_nac, id_genero, id_proyecto) VALUES (19202162, '6', 'Gabriel', 'Martín', 'Fuentes', 'Rojas', TO_DATE('2003-10-10', 'YYYY-MM-DD'), 2, NULL);
INSERT INTO ESTUDIANTE (numrun, dv_run, pnombre, snombre, papellido, mapellido, fec_nac, id_genero, id_proyecto) VALUES (19962219, '6', 'Facundo', 'Gabriel', 'Díaz', 'Valenzuela', TO_DATE('1996-04-26', 'YYYY-MM-DD'), 2, NULL);
INSERT INTO ESTUDIANTE (numrun, dv_run, pnombre, snombre, papellido, mapellido, fec_nac, id_genero, id_proyecto) VALUES (19640209, '8', 'Bastián', 'Facundo', 'Morales', 'Muñoz', TO_DATE('2003-04-23', 'YYYY-MM-DD'), 2, NULL);
INSERT INTO ESTUDIANTE (numrun, dv_run, pnombre, snombre, papellido, mapellido, fec_nac, id_genero, id_proyecto) VALUES (19950725, '7', 'Tomás', 'Bastián', 'Silva', 'Martínez', TO_DATE('2004-04-27', 'YYYY-MM-DD'), 2, NULL);
INSERT INTO ESTUDIANTE (numrun, dv_run, pnombre, snombre, papellido, mapellido, fec_nac, id_genero, id_proyecto) VALUES (18109968, '2', 'Lucas', 'Benjamín', 'Díaz', 'Soto', TO_DATE('1999-09-02', 'YYYY-MM-DD'), 2, NULL);
INSERT INTO ESTUDIANTE (numrun, dv_run, pnombre, snombre, papellido, mapellido, fec_nac, id_genero, id_proyecto) VALUES (21804337, '2', 'Emiliano', 'Matías', 'González', 'Muñoz', TO_DATE('2007-02-05', 'YYYY-MM-DD'), 2, NULL);
INSERT INTO ESTUDIANTE (numrun, dv_run, pnombre, snombre, papellido, mapellido, fec_nac, id_genero, id_proyecto) VALUES (21618964, '7', 'Vicente', 'Benjamín', 'Contreras', 'Fuentes', TO_DATE('1999-06-03', 'YYYY-MM-DD'), 2, NULL);
INSERT INTO ESTUDIANTE (numrun, dv_run, pnombre, snombre, papellido, mapellido, fec_nac, id_genero, id_proyecto) VALUES (20060196, '3', 'Vicente', 'Martín', 'Pérez', 'González', TO_DATE('2002-10-24', 'YYYY-MM-DD'), 2, NULL);
INSERT INTO ESTUDIANTE (numrun, dv_run, pnombre, snombre, papellido, mapellido, fec_nac, id_genero, id_proyecto) VALUES (20910792, '9', 'Matías', 'Martín', 'Flores', 'Espinoza', TO_DATE('2007-04-09', 'YYYY-MM-DD'), 2, NULL);
INSERT INTO ESTUDIANTE (numrun, dv_run, pnombre, snombre, papellido, mapellido, fec_nac, id_genero, id_proyecto) VALUES (18969199, '8', 'Maximiliano', 'Emiliano', 'Espinoza', 'Espinoza', TO_DATE('1996-05-18', 'YYYY-MM-DD'), 2, NULL);
INSERT INTO ESTUDIANTE (numrun, dv_run, pnombre, snombre, papellido, mapellido, fec_nac, id_genero, id_proyecto) VALUES (18478934, '5', 'Catalina', 'Isabella', 'Araya', 'López', TO_DATE('1997-10-30', 'YYYY-MM-DD'), 1, NULL);
INSERT INTO ESTUDIANTE (numrun, dv_run, pnombre, snombre, papellido, mapellido, fec_nac, id_genero, id_proyecto) VALUES (20335508, '4', 'Emiliano', 'Gaspar', 'Rodríguez', 'Castillo', TO_DATE('2005-09-28', 'YYYY-MM-DD'), 2, NULL);
INSERT INTO ESTUDIANTE (numrun, dv_run, pnombre, snombre, papellido, mapellido, fec_nac, id_genero, id_proyecto) VALUES (18803900, '6', 'Mateo', 'Santiago', 'Rojas', 'Pérez', TO_DATE('2000-11-27', 'YYYY-MM-DD'), 2, NULL);
INSERT INTO ESTUDIANTE (numrun, dv_run, pnombre, snombre, papellido, mapellido, fec_nac, id_genero, id_proyecto) VALUES (20993907, 'K', 'Joaquín', 'Thiago', 'Muñoz', 'Soto', TO_DATE('1996-12-09', 'YYYY-MM-DD'), 2, NULL);
INSERT INTO ESTUDIANTE (numrun, dv_run, pnombre, snombre, papellido, mapellido, fec_nac, id_genero, id_proyecto) VALUES (21738800, '7', 'Benjamín', 'Alonso', 'Muñoz', 'Castillo', TO_DATE('2002-09-29', 'YYYY-MM-DD'), 2, NULL);
INSERT INTO ESTUDIANTE (numrun, dv_run, pnombre, snombre, papellido, mapellido, fec_nac, id_genero, id_proyecto) VALUES (18011978, '7', 'Josefa', 'Julieta', 'Contreras', 'Contreras', TO_DATE('2000-04-23', 'YYYY-MM-DD'), 1, NULL);
INSERT INTO ESTUDIANTE (numrun, dv_run, pnombre, snombre, papellido, mapellido, fec_nac, id_genero, id_proyecto) VALUES (20492781, '2', 'Santiago', 'Joaquín', 'Muñoz', 'Flores', TO_DATE('2004-10-18', 'YYYY-MM-DD'), 2, NULL);
INSERT INTO ESTUDIANTE (numrun, dv_run, pnombre, snombre, papellido, mapellido, fec_nac, id_genero, id_proyecto) VALUES (20114522, '8', 'Bastián', 'Joaquín', 'López', 'Sepúlveda', TO_DATE('2002-06-07', 'YYYY-MM-DD'), 2, NULL);
INSERT INTO ESTUDIANTE (numrun, dv_run, pnombre, snombre, papellido, mapellido, fec_nac, id_genero, id_proyecto) VALUES (20173607, '2', 'Benjamín', 'Gabriel', 'Soto', 'López', TO_DATE('2006-01-10', 'YYYY-MM-DD'), 2, NULL);
INSERT INTO ESTUDIANTE (numrun, dv_run, pnombre, snombre, papellido, mapellido, fec_nac, id_genero, id_proyecto) VALUES (20519922, '5', 'Catalina', 'Amanda', 'Díaz', 'Pérez', TO_DATE('1999-12-08', 'YYYY-MM-DD'), 1, NULL);
INSERT INTO ESTUDIANTE (numrun, dv_run, pnombre, snombre, papellido, mapellido, fec_nac, id_genero, id_proyecto) VALUES (21550461, '1', 'Vicente', 'Gaspar', 'Rojas', 'Rodríguez', TO_DATE('1997-08-19', 'YYYY-MM-DD'), 2, NULL);
INSERT INTO ESTUDIANTE (numrun, dv_run, pnombre, snombre, papellido, mapellido, fec_nac, id_genero, id_proyecto) VALUES (20616003, '9', 'Vicente', 'Liam', 'Fuentes', 'Silva', TO_DATE('2001-09-12', 'YYYY-MM-DD'), 2, NULL);
INSERT INTO ESTUDIANTE (numrun, dv_run, pnombre, snombre, papellido, mapellido, fec_nac, id_genero, id_proyecto) VALUES (18709770, '3', 'Santiago', 'Benjamín', 'Morales', 'Sepúlveda', TO_DATE('1995-10-28', 'YYYY-MM-DD'), 2, NULL);
INSERT INTO ESTUDIANTE (numrun, dv_run, pnombre, snombre, papellido, mapellido, fec_nac, id_genero, id_proyecto) VALUES (20653885, '6', 'Facundo', 'Bastián', 'Fuentes', 'Valenzuela', TO_DATE('2002-04-18', 'YYYY-MM-DD'), 2, NULL);
INSERT INTO ESTUDIANTE (numrun, dv_run, pnombre, snombre, papellido, mapellido, fec_nac, id_genero, id_proyecto) VALUES (18311399, '2', 'Lucas', 'Bruno', 'González', 'Soto', TO_DATE('2000-12-17', 'YYYY-MM-DD'), 2, NULL);
INSERT INTO ESTUDIANTE (numrun, dv_run, pnombre, snombre, papellido, mapellido, fec_nac, id_genero, id_proyecto) VALUES (20844164, '7', 'Gaspar', 'Alonso', 'Martínez', 'Sepúlveda', TO_DATE('2005-08-28', 'YYYY-MM-DD'), 2, NULL);
INSERT INTO ESTUDIANTE (numrun, dv_run, pnombre, snombre, papellido, mapellido, fec_nac, id_genero, id_proyecto) VALUES (21381394, '3', 'Martín', 'Liam', 'Flores', 'Araya', TO_DATE('2007-04-07', 'YYYY-MM-DD'), 2, NULL);
INSERT INTO ESTUDIANTE (numrun, dv_run, pnombre, snombre, papellido, mapellido, fec_nac, id_genero, id_proyecto) VALUES (18343964, '2', 'Bruno', 'Alonso', 'Silva', 'Castillo', TO_DATE('2004-09-25', 'YYYY-MM-DD'), 2, NULL);
INSERT INTO ESTUDIANTE (numrun, dv_run, pnombre, snombre, papellido, mapellido, fec_nac, id_genero, id_proyecto) VALUES (19933107, '8', 'Agustín', 'Liam', 'Díaz', 'Muñoz', TO_DATE('1999-12-15', 'YYYY-MM-DD'), 2, NULL);
INSERT INTO ESTUDIANTE (numrun, dv_run, pnombre, snombre, papellido, mapellido, fec_nac, id_genero, id_proyecto) VALUES (21121207, '1', 'Maximiliano', 'Benjamín', 'Rodríguez', 'Castillo', TO_DATE('1995-12-10', 'YYYY-MM-DD'), 2, NULL);
INSERT INTO ESTUDIANTE (numrun, dv_run, pnombre, snombre, papellido, mapellido, fec_nac, id_genero, id_proyecto) VALUES (19086464, '2', 'Liam', 'Agustín', 'Sepúlveda', 'Soto', TO_DATE('2000-01-25', 'YYYY-MM-DD'), 2, NULL);
INSERT INTO ESTUDIANTE (numrun, dv_run, pnombre, snombre, papellido, mapellido, fec_nac, id_genero, id_proyecto) VALUES (21565242, '4', 'Thiago', 'Matías', 'Torres', 'Díaz', TO_DATE('1999-02-28', 'YYYY-MM-DD'), 2, NULL);
INSERT INTO ESTUDIANTE (numrun, dv_run, pnombre, snombre, papellido, mapellido, fec_nac, id_genero, id_proyecto) VALUES (20734217, '3', 'Liam', 'Bastián', 'Fuentes', 'Rodríguez', TO_DATE('2005-04-16', 'YYYY-MM-DD'), 2, NULL);
INSERT INTO ESTUDIANTE (numrun, dv_run, pnombre, snombre, papellido, mapellido, fec_nac, id_genero, id_proyecto) VALUES (21605980, '8', 'Vicente', 'Liam', 'López', 'Morales', TO_DATE('1998-12-02', 'YYYY-MM-DD'), 2, NULL);
INSERT INTO ESTUDIANTE (numrun, dv_run, pnombre, snombre, papellido, mapellido, fec_nac, id_genero, id_proyecto) VALUES (19443050, '7', 'Benjamín', 'Santiago', 'López', 'Torres', TO_DATE('1999-01-06', 'YYYY-MM-DD'), 2, NULL);
INSERT INTO ESTUDIANTE (numrun, dv_run, pnombre, snombre, papellido, mapellido, fec_nac, id_genero, id_proyecto) VALUES (18378088, '3', 'Thiago', 'Vicente', 'Rodríguez', 'López', TO_DATE('1997-01-26', 'YYYY-MM-DD'), 2, NULL);
INSERT INTO ESTUDIANTE (numrun, dv_run, pnombre, snombre, papellido, mapellido, fec_nac, id_genero, id_proyecto) VALUES (18259580, '2', 'Joaquín', 'Emiliano', 'Rojas', 'Muñoz', TO_DATE('2003-08-25', 'YYYY-MM-DD'), 2, NULL);
INSERT INTO ESTUDIANTE (numrun, dv_run, pnombre, snombre, papellido, mapellido, fec_nac, id_genero, id_proyecto) VALUES (20599371, '1', 'Thiago', 'Emiliano', 'Martínez', 'Valenzuela', TO_DATE('2003-11-02', 'YYYY-MM-DD'), 2, NULL);
INSERT INTO ESTUDIANTE (numrun, dv_run, pnombre, snombre, papellido, mapellido, fec_nac, id_genero, id_proyecto) VALUES (20937393, '9', 'Matías', 'Benjamín', 'Flores', 'Valenzuela', TO_DATE('1995-12-09', 'YYYY-MM-DD'), 2, NULL);
INSERT INTO ESTUDIANTE (numrun, dv_run, pnombre, snombre, papellido, mapellido, fec_nac, id_genero, id_proyecto) VALUES (18530225, '3', 'Lucas', 'Matías', 'Fuentes', 'Rodríguez', TO_DATE('1998-02-16', 'YYYY-MM-DD'), 2, NULL);
INSERT INTO ESTUDIANTE (numrun, dv_run, pnombre, snombre, papellido, mapellido, fec_nac, id_genero, id_proyecto) VALUES (21482984, '3', 'Tomás', 'Thiago', 'Araya', 'Fuentes', TO_DATE('2005-10-01', 'YYYY-MM-DD'), 2, NULL);
INSERT INTO ESTUDIANTE (numrun, dv_run, pnombre, snombre, papellido, mapellido, fec_nac, id_genero, id_proyecto) VALUES (19918537, '3', 'Maximiliano', 'Martín', 'López', 'Rodríguez', TO_DATE('2005-07-27', 'YYYY-MM-DD'), 2, NULL);
INSERT INTO ESTUDIANTE (numrun, dv_run, pnombre, snombre, papellido, mapellido, fec_nac, id_genero, id_proyecto) VALUES (21830138, 'K', 'Martín', 'Joaquín', 'Pérez', 'Silva', TO_DATE('2001-11-13', 'YYYY-MM-DD'), 2, NULL);
INSERT INTO ESTUDIANTE (numrun, dv_run, pnombre, snombre, papellido, mapellido, fec_nac, id_genero, id_proyecto) VALUES (19172839, '4', 'Matías', 'Santiago', 'Valenzuela', 'Espinoza', TO_DATE('2001-06-18', 'YYYY-MM-DD'), 2, NULL);
INSERT INTO ESTUDIANTE (numrun, dv_run, pnombre, snombre, papellido, mapellido, fec_nac, id_genero, id_proyecto) VALUES (18041499, '1', 'Gabriel', 'Martín', 'Morales', 'Espinoza', TO_DATE('2004-05-06', 'YYYY-MM-DD'), 2, NULL);
INSERT INTO ESTUDIANTE (numrun, dv_run, pnombre, snombre, papellido, mapellido, fec_nac, id_genero, id_proyecto) VALUES (18048906, '1', 'Joaquín', 'Bastián', 'Valenzuela', 'Rodríguez', TO_DATE('1998-03-30', 'YYYY-MM-DD'), 2, NULL);
INSERT INTO ESTUDIANTE (numrun, dv_run, pnombre, snombre, papellido, mapellido, fec_nac, id_genero, id_proyecto) VALUES (19050575, '8', 'Benjamín', 'Bruno', 'Valenzuela', 'Rojas', TO_DATE('1997-10-31', 'YYYY-MM-DD'), 2, NULL);
INSERT INTO ESTUDIANTE (numrun, dv_run, pnombre, snombre, papellido, mapellido, fec_nac, id_genero, id_proyecto) VALUES (20971532, '5', 'Valentina', 'Renata', 'Sepúlveda', 'Pérez', TO_DATE('2000-12-02', 'YYYY-MM-DD'), 1, NULL);
INSERT INTO ESTUDIANTE (numrun, dv_run, pnombre, snombre, papellido, mapellido, fec_nac, id_genero, id_proyecto) VALUES (18822095, '9', 'Sofía', 'Florencia', 'Díaz', 'González', TO_DATE('2000-12-07', 'YYYY-MM-DD'), 1, NULL);
INSERT INTO ESTUDIANTE (numrun, dv_run, pnombre, snombre, papellido, mapellido, fec_nac, id_genero, id_proyecto) VALUES (18590862, '3', 'Benjamín', 'Joaquín', 'Araya', 'Valenzuela', TO_DATE('1996-04-22', 'YYYY-MM-DD'), 2, NULL);
INSERT INTO ESTUDIANTE (numrun, dv_run, pnombre, snombre, papellido, mapellido, fec_nac, id_genero, id_proyecto) VALUES (19484069, '1', 'Gaspar', 'Agustín', 'Rodríguez', 'Fuentes', TO_DATE('2003-09-13', 'YYYY-MM-DD'), 2, NULL);
INSERT INTO ESTUDIANTE (numrun, dv_run, pnombre, snombre, papellido, mapellido, fec_nac, id_genero, id_proyecto) VALUES (19303120, 'K', 'Bastián', 'Bastián', 'Sepúlveda', 'Rodríguez', TO_DATE('2002-05-06', 'YYYY-MM-DD'), 2, NULL);
INSERT INTO ESTUDIANTE (numrun, dv_run, pnombre, snombre, papellido, mapellido, fec_nac, id_genero, id_proyecto) VALUES (20735986, '6', 'Santiago', 'Liam', 'Morales', 'Castillo', TO_DATE('2005-06-18', 'YYYY-MM-DD'), 2, NULL);
INSERT INTO ESTUDIANTE (numrun, dv_run, pnombre, snombre, papellido, mapellido, fec_nac, id_genero, id_proyecto) VALUES (19584120, '9', 'Amanda', 'Sofía', 'Valenzuela', 'López', TO_DATE('2004-01-04', 'YYYY-MM-DD'), 1, NULL);
INSERT INTO ESTUDIANTE (numrun, dv_run, pnombre, snombre, papellido, mapellido, fec_nac, id_genero, id_proyecto) VALUES (18408534, '8', 'Matías', 'Matías', 'Morales', 'Rodríguez', TO_DATE('2000-11-21', 'YYYY-MM-DD'), 2, NULL);
INSERT INTO ESTUDIANTE (numrun, dv_run, pnombre, snombre, papellido, mapellido, fec_nac, id_genero, id_proyecto) VALUES (19391548, '5', 'Gabriel', 'Tomás', 'López', 'González', TO_DATE('2006-06-21', 'YYYY-MM-DD'), 2, NULL);
INSERT INTO ESTUDIANTE (numrun, dv_run, pnombre, snombre, papellido, mapellido, fec_nac, id_genero, id_proyecto) VALUES (20663180, '5', 'Maximiliano', 'Tomás', 'Soto', 'Torres', TO_DATE('2003-12-03', 'YYYY-MM-DD'), 2, NULL);
INSERT INTO ESTUDIANTE (numrun, dv_run, pnombre, snombre, papellido, mapellido, fec_nac, id_genero, id_proyecto) VALUES (18625486, '4', 'Bruno', 'Mateo', 'López', 'Sepúlveda', TO_DATE('2006-12-08', 'YYYY-MM-DD'), 2, NULL);
INSERT INTO ESTUDIANTE (numrun, dv_run, pnombre, snombre, papellido, mapellido, fec_nac, id_genero, id_proyecto) VALUES (19571400, '2', 'Maite', 'Sofía', 'Araya', 'Torres', TO_DATE('2006-03-11', 'YYYY-MM-DD'), 1, NULL);
INSERT INTO ESTUDIANTE (numrun, dv_run, pnombre, snombre, papellido, mapellido, fec_nac, id_genero, id_proyecto) VALUES (21082221, '6', 'Bruno', 'Alonso', 'Rodríguez', 'Sepúlveda', TO_DATE('2000-10-16', 'YYYY-MM-DD'), 2, NULL);
INSERT INTO ESTUDIANTE (numrun, dv_run, pnombre, snombre, papellido, mapellido, fec_nac, id_genero, id_proyecto) VALUES (20697822, '8', 'Benjamín', 'Agustín', 'Contreras', 'Silva', TO_DATE('2002-08-06', 'YYYY-MM-DD'), 2, NULL);
INSERT INTO ESTUDIANTE (numrun, dv_run, pnombre, snombre, papellido, mapellido, fec_nac, id_genero, id_proyecto) VALUES (21997894, '4', 'Facundo', 'Liam', 'Rodríguez', 'Fuentes', TO_DATE('2003-01-12', 'YYYY-MM-DD'), 2, NULL);
INSERT INTO ESTUDIANTE (numrun, dv_run, pnombre, snombre, papellido, mapellido, fec_nac, id_genero, id_proyecto) VALUES (21514511, '5', 'Agustín', 'Gabriel', 'González', 'Castillo', TO_DATE('2006-07-11', 'YYYY-MM-DD'), 2, NULL);
INSERT INTO ESTUDIANTE (numrun, dv_run, pnombre, snombre, papellido, mapellido, fec_nac, id_genero, id_proyecto) VALUES (19421707, '2', 'Mateo', 'Bruno', 'Sepúlveda', 'Castillo', TO_DATE('1997-07-09', 'YYYY-MM-DD'), 2, NULL);
INSERT INTO ESTUDIANTE (numrun, dv_run, pnombre, snombre, papellido, mapellido, fec_nac, id_genero, id_proyecto) VALUES (18987997, '0', 'Joaquín', 'Mateo', 'Torres', 'Valenzuela', TO_DATE('1998-04-18', 'YYYY-MM-DD'), 2, NULL);
INSERT INTO ESTUDIANTE (numrun, dv_run, pnombre, snombre, papellido, mapellido, fec_nac, id_genero, id_proyecto) VALUES (20226896, 'K', 'Gabriel', 'Maximiliano', 'Martínez', 'Rojas', TO_DATE('2007-06-02', 'YYYY-MM-DD'), 2, NULL);
INSERT INTO ESTUDIANTE (numrun, dv_run, pnombre, snombre, papellido, mapellido, fec_nac, id_genero, id_proyecto) VALUES (20571001, '9', 'Alonso', 'Bastián', 'Pérez', 'Muñoz', TO_DATE('1998-01-16', 'YYYY-MM-DD'), 2, NULL);
INSERT INTO ESTUDIANTE (numrun, dv_run, pnombre, snombre, papellido, mapellido, fec_nac, id_genero, id_proyecto) VALUES (21584392, '0', 'Amanda', 'Isabella', 'Sepúlveda', 'Valenzuela', TO_DATE('2002-08-18', 'YYYY-MM-DD'), 1, NULL);
INSERT INTO ESTUDIANTE (numrun, dv_run, pnombre, snombre, papellido, mapellido, fec_nac, id_genero, id_proyecto) VALUES (18863605, '5', 'Gaspar', 'Lucas', 'Torres', 'Martínez', TO_DATE('2006-04-02', 'YYYY-MM-DD'), 2, NULL);
INSERT INTO ESTUDIANTE (numrun, dv_run, pnombre, snombre, papellido, mapellido, fec_nac, id_genero, id_proyecto) VALUES (21803314, '8', 'Tomás', 'Alonso', 'Muñoz', 'Muñoz', TO_DATE('2003-03-12', 'YYYY-MM-DD'), 2, NULL);

COMMIT;
